"???O","???O__URI","???[?O","?`?[??","?`?[??__URI","????","?N","??"
"Jeff Bagwell","http://dbpedia.org/resource/Jeff_Bagwell http://dbpedia.org/resource/Jeff_Bagwell","NL","Astros","http://dbpedia.org/page/Houston_Astros","07-18",2001,"."
"John Olerud","http://dbpedia.org/resource/John_Olerud http://dbpedia.org/resource/John_Olerud http://dbpedia.org/resource/John_olerued http://dbpedia.org/resource/Olerud","AL","Mariners","http://dbpedia.org/page/Seattle_Mariners","06-17",2001,"??2"
"Luis Gonzalez","http://dbpedia.org/resource/Luis_Gonzalez_(outfielder) http://dbpedia.org/resource/Luis_Gonzalez_(outfielder) http://dbpedia.org/resource/Luis_Gonz�Ã�¡lez_(baseball_outfielder) http://dbpedia.org/resource/Luis_Gonzalez_(baseball_outfielder)","?m?k","Diamondbacks","http://dbpedia.org/page/Arizona_Diamondbacks","07-05",2000,"."
"Eric Chavez","http://dbpedia.org/resource/Eric_Chavez http://dbpedia.org/resource/Eric_Chavez http://dbpedia.org/resource/Eric_Ch�Ã�¡vez","?`?k","Athletics","http://dbpedia.org/page/Oakland_Athletics","06-21",2000,"."
"Mike Lansing","http://dbpedia.org/resource/Mike_Lansing http://dbpedia.org/resource/Mike_Lansing","?m?k","Rockies","http://dbpedia.org/page/Colorado_Rockies","06-18",2000,"."
"Jason Kendall","http://dbpedia.org/resource/Jason_Kendall http://dbpedia.org/resource/Jason_Kendall","?m?k","Pirates","http://dbpedia.org/page/Pittsburgh_Pirates","05-19",2000,"."
"Jose Valentin","http://dbpedia.org/resource/Jos%C3%A9_Valent%C3%ADn http://dbpedia.org/resource/Jos%C3%A9_Valent%C3%ADn","?`?k","White Sox","http://dbpedia.org/page/Chicago_White_Sox","04-27",2000,"."
"Chris Singleton","http://dbpedia.org/resource/Chris_Singleton_(baseball) http://dbpedia.org/resource/Chris_Singleton_(baseball) http://dbpedia.org/resource/Christopher_Singleton http://dbpedia.org/resource/Chris_Singleton_(baseball_player)","?`?k","White Sox","http://dbpedia.org/page/Chicago_White_Sox","07-06",1999,"."
"Todd Helton","http://dbpedia.org/resource/Todd_Helton http://dbpedia.org/resource/Todd_Helton","?m?k","Rockies","http://dbpedia.org/page/Colorado_Rockies","06-19",1999,"."
"Jeff Kent","http://dbpedia.org/resource/Jeff_Kent http://dbpedia.org/resource/J_Kent http://dbpedia.org/resource/Jeff_Kent_(2004_All-star) http://dbpedia.org/resource/Jeff_Kent_(baseball_player) http://dbpedia.org/resource/Jeff_Kent","?m?k","Giants","http://dbpedia.org/page/San_Francisco_Giants","05-03",1999,"."
"Neifi Perez","http://dbpedia.org/resource/Neifi_P%C3%A9rez http://dbpedia.org/resource/Neifi_P%C3%A9rez","?m?k","Rockies","http://dbpedia.org/page/Colorado_Rockies","07-25",1998,"."
"Dante Bichette","http://dbpedia.org/resource/Dante_Bichette http://dbpedia.org/resource/Dante_Bichette","?m?k","Rockies","http://dbpedia.org/page/Colorado_Rockies","06-10",1998,"."
"Mike Blowers","http://dbpedia.org/resource/Mike_Blowers http://dbpedia.org/resource/Mike_Blowers","?`?k","Athletics","http://dbpedia.org/page/Oakland_Athletics","05-18",1998,"."
"John Olerud","http://dbpedia.org/resource/John_Olerud http://dbpedia.org/resource/Olerud http://dbpedia.org/resource/John_Olerud http://dbpedia.org/resource/John_olerued","?m?k","Mets","http://dbpedia.org/page/New_York_Mets","09-11",1997,"??1"
"Alex Rodriguez","http://dbpedia.org/resource/Alex_Rodriguez http://dbpedia.org/resource/Alex_Rodriguez_(baseball_player) http://dbpedia.org/resource/Alex_Rodriguez_(baseball) http://dbpedia.org/resource/�Ã�lex_Rodr�Ã�­guez http://dbpedia.org/resource/Alex_Rodriguez http://dbpedia.org/resource/Yuri_Sucart http://dbpedia.org/resource/A_rod http://dbpedia.org/resource/Alexander_Emmanuel_Rodriguez http://dbpedia.org/resource/A-Rod http://dbpedia.org/resource/Cynthia_Scurtis http://dbpedia.org/resource/Alex_Rodrigues http://dbpedia.org/resource/A-fraud http://dbpedia.org/resource/A-Fraud http://dbpedia.org/resource/A-rod http://dbpedia.org/resource/Alex_rodriguz http://dbpedia.org/resource/Alex_Rodr�Ã�­guez http://dbpedia.org/resource/Alexander_Emmanuel_%22Alex%22_Rodriguez","?`?k","Mariners","http://dbpedia.org/page/Seattle_Mariners","06-05",1997,"."
"Alex Ochoa","http://dbpedia.org/resource/Alex_Ochoa http://dbpedia.org/resource/Alex_Ochoa","?m?k","Mets","http://dbpedia.org/page/New_York_Mets","07-03",1996,"."
"John Valentin","http://dbpedia.org/resource/John_Valentin http://dbpedia.org/resource/John_Valentin","?`?k","Red Sox","http://dbpedia.org/page/Boston_Red_Sox","06-06",1996,"."
"John Mabry","http://dbpedia.org/resource/John_Mabry http://dbpedia.org/resource/John_Mabry","?m?k","Cardinals","https://en.wikipedia.org/wiki/St._Louis_Cardinals","05-18",1996,"."
"Tony Fernandez","http://dbpedia.org/resource/Tony_Fern%C3%A1ndez http://dbpedia.org/resource/Tony_Fern%C3%A1ndez","?`?k","Yankees","http://dbpedia.org/page/New_York_Yankees","09-03",1995,"."
"Gregg Jefferies","http://dbpedia.org/resource/Gregg_Jefferies http://dbpedia.org/resource/Gregg_Jeffries http://dbpedia.org/resource/Greg_Jefferies http://dbpedia.org/resource/Gregg_Jefferies","?m?k","Phillies","http://dbpedia.org/page/Philadelphia_Phillies","08-25",1995,"."
"Rondell White","http://dbpedia.org/resource/Rondell_White http://dbpedia.org/resource/Rondell_White","?m?k","Expos","http://dbpedia.org/page/Montreal_Expos","06-11",1995,"."
"Scott Cooper","http://dbpedia.org/resource/Scott_Cooper_(baseball) http://dbpedia.org/resource/Scott_Cooper_(baseball)","?`?k","Red Sox","http://dbpedia.org/page/Boston_Red_Sox","04-12",1994,"."
"Travis Fryman","http://dbpedia.org/resource/Travis_Fryman http://dbpedia.org/resource/Travis_Fryman","?`?k","Tigers","http://dbpedia.org/page/Detroit_Tigers","07-28",1993,"."
"Jay Buhner","http://dbpedia.org/resource/Jay_Buhner http://dbpedia.org/resource/Jay_Buhner","?`?k","Mariners","http://dbpedia.org/page/Seattle_Mariners","07-23",1993,"."
"Mark Grace","http://dbpedia.org/resource/Mark_Grace http://dbpedia.org/resource/Slump_buster http://dbpedia.org/resource/Mark_Grace http://dbpedia.org/resource/Slumpbuster","?m?k","Cubs","http://dbpedia.org/page/Chicago_Cubs","05-09",1993,"."
"Andujar Cedeno","http://dbpedia.org/resource/And%C3%BAjar_Cede%C3%B1o http://dbpedia.org/resource/And%C3%BAjar_Cede%C3%B1o","?m?k","Astros","http://dbpedia.org/page/Houston_Astros","08-25",1992,"."
"Ray Lankford","http://dbpedia.org/resource/Ray_Lankford http://dbpedia.org/resource/Ray_Lankford","?m?k","Cardinals","https://en.wikipedia.org/wiki/St._Louis_Cardinals","09-15",1991,"."
"Dave Winfield","http://dbpedia.org/resource/Dave_Winfield http://dbpedia.org/resource/David_Mark_Winfield http://dbpedia.org/resource/David_Winfield http://dbpedia.org/resource/Dave_Winfield http://dbpedia.org/resource/Winfield_wants_noise","?`?k","Angels","http://dbpedia.org/page/Los_Angeles_Angels_of_Anaheim","06-24",1991,"."
"Paul Molitor","http://dbpedia.org/resource/Paul_Molitor http://dbpedia.org/resource/Paul_Leo_Molitor http://dbpedia.org/resource/Paul_Molitor","?`?k","Brewers","http://dbpedia.org/page/Milwaukee_Brewers","05-15",1991,"."
"Robby Thompson","http://dbpedia.org/resource/Robby_Thompson http://dbpedia.org/resource/Robby_Thompson","?m?k","Giants","http://dbpedia.org/page/San_Francisco_Giants","04-22",1991,"."
"George Brett","http://dbpedia.org/resource/George_Brett http://dbpedia.org/resource/George_Brett_(baseball_player) http://dbpedia.org/resource/George_Howard_Brett_(baseball) http://dbpedia.org/resource/Brett,_George http://dbpedia.org/resource/George_Howar_Brett http://dbpedia.org/resource/George_Brett http://dbpedia.org/resource/George_H._Brett http://dbpedia.org/resource/George_Brett_(baseball) http://dbpedia.org/resource/George_Howard_Brett","?`?k","Royals","http://dbpedia.org/page/Kansas_City_Royals","07-25",1990,2
"Gary Redus","http://dbpedia.org/resource/Gary_Redus http://dbpedia.org/resource/Gary_Redus","?m?k","Pirates","http://dbpedia.org/page/Pittsburgh_Pirates","08-25",1989,"."
"Kevin McReynolds","http://dbpedia.org/resource/Kevin_McReynolds http://dbpedia.org/resource/Kevin_McReynolds http://dbpedia.org/resource/Walter_Kevin_McReynolds","?m?k","Mets","http://dbpedia.org/page/New_York_Mets","08-01",1989,"."
"Eric Davis","http://dbpedia.org/resource/Eric_Davis_(baseball) http://dbpedia.org/resource/Eric_Davis_(baseball)","?m?k","Reds","http://dbpedia.org/page/Cincinnati_Reds","06-02",1989,"."
"Kelly Gruber","http://dbpedia.org/resource/Kelly_Gruber http://dbpedia.org/resource/Kelly_Gruber","?`?k","Blue Jays","http://dbpedia.org/page/Toronto_Blue_Jays","04-16",1989,"."
"Mike Greenwell","http://dbpedia.org/resource/Mike_Greenwell http://dbpedia.org/resource/Mike_Greenwell","?`?k","Red Sox","http://dbpedia.org/page/Boston_Red_Sox","09-14",1988,"."
"Chris Speier","http://dbpedia.org/resource/Chris_Speier http://dbpedia.org/resource/Chris_Speier","?m?k","Giants","http://dbpedia.org/page/San_Francisco_Giants","07-09",1988,2
"Robin Yount","http://dbpedia.org/resource/Robin_Yount http://dbpedia.org/resource/Robin_Yount","?`?k","Brewers","http://dbpedia.org/page/Milwaukee_Brewers","06-12",1988,"."
"Albert Hall","http://dbpedia.org/resource/Albert_Hall_(baseball) http://dbpedia.org/resource/Albert_Hall_(MLB_outfielder) http://dbpedia.org/resource/Albert_Hall_(baseball)","?m?k","Braves","http://dbpedia.org/page/Atlanta_Braves","09-23",1987,"."
"Tim Raines","http://dbpedia.org/resource/Tim_Raines http://dbpedia.org/resource/Tim_Raines http://dbpedia.org/resource/Rock_Raines http://dbpedia.org/resource/Rock_raines http://dbpedia.org/resource/Tim_Rock_Raines","?m?k","Expos","http://dbpedia.org/page/Montreal_Expos","08-16",1987,"."
"Candy Maldonado","http://dbpedia.org/resource/Candy_Maldonado http://dbpedia.org/resource/Candy_Maldonado","?m?k","Giants","http://dbpedia.org/page/San_Francisco_Giants","05-04",1987,"."
"Andre Dawson","http://dbpedia.org/resource/Andre_Dawson http://dbpedia.org/resource/Andre_Dawson http://dbpedia.org/resource/Andr�Ã�©_Dawson","?m?k","Cubs","http://dbpedia.org/page/Chicago_Cubs","04-29",1987,"."
"Kirby Puckett","http://dbpedia.org/resource/Kirby_Puckett http://dbpedia.org/resource/Kirby_pucket http://dbpedia.org/resource/Kirby_Puckett http://dbpedia.org/resource/Kirby_Puckett_Award","?`?k","Twins","http://dbpedia.org/page/Minnesota_Twins","08-01",1986,"."
"Tony Phillips","http://dbpedia.org/resource/Tony_Phillips http://dbpedia.org/resource/Tony_Phillips http://dbpedia.org/resource/Tony_Phillips_(baseball)","?`?k","Athletics","http://dbpedia.org/page/Oakland_Athletics","05-16",1986,"."
"Rich Gedman","http://dbpedia.org/resource/Rich_Gedman http://dbpedia.org/resource/Rich_Gedman","?`?k","Red Sox","http://dbpedia.org/page/Boston_Red_Sox","09-18",1985,"."
"Oddibe McDowell","http://dbpedia.org/resource/Oddibe_McDowell http://dbpedia.org/resource/Oddibe_McDowell http://dbpedia.org/resource/Oddibe","?`?k","Rangers","http://dbpedia.org/page/Texas_Rangers_(baseball)","07-23",1985,"."
"Keith Hernandez","http://dbpedia.org/resource/Keith_Hernandez http://dbpedia.org/resource/Keith_Hernandez http://dbpedia.org/resource/Keith_Hern�Ã�¡ndez http://dbpedia.org/resource/Keith_harnandez","?m?k","Mets","http://dbpedia.org/page/New_York_Mets","07-04",1985,"."
"Jeff Leonard","http://dbpedia.org/resource/Jeffrey_Leonard http://dbpedia.org/resource/Jeff_Leonard http://dbpedia.org/resource/Jeffrey_Leonard","?m?k","Giants","http://dbpedia.org/page/San_Francisco_Giants","06-27",1985,"."
"Dwight Evans","http://dbpedia.org/resource/Dwight_Evans http://dbpedia.org/resource/Dwight_Evans http://dbpedia.org/resource/Dewey_Evans","?`?k","Red Sox","http://dbpedia.org/page/Boston_Red_Sox","06-28",1984,"."
"Willie McGee","http://dbpedia.org/resource/Willie_McGee http://dbpedia.org/resource/Willie_Mcgee http://dbpedia.org/resource/Willie_McGee_(baseball_player) http://dbpedia.org/resource/Willie_McGee","?m?k","Cardinals","https://en.wikipedia.org/wiki/St._Louis_Cardinals","06-23",1984,"."
"Carlton Fisk","http://dbpedia.org/resource/Carlton_Fisk http://dbpedia.org/resource/Carlton_Fisk","?`?k","White Sox","http://dbpedia.org/page/Chicago_White_Sox","05-16",1984,"."
"Cal Ripken, Jr.","http://dbpedia.org/resource/Cal_Ripken,_Jr. http://dbpedia.org/resource/Cal_ripkien http://dbpedia.org/resource/Cal_Ripken,_Jr. http://dbpedia.org/resource/Cal_Ripken http://dbpedia.org/resource/Calvin_Edwin_Ripken,_Jr. http://dbpedia.org/resource/Cal_Ripkin_Jr. http://dbpedia.org/resource/Cal_Ripken_Jr http://dbpedia.org/resource/Cal_Ripken,_Jr http://dbpedia.org/resource/Cal,_Jr._Ripken http://dbpedia.org/resource/Calvin_Ripken,_Jr. http://dbpedia.org/resource/Cal_Ripkin_Jr http://dbpedia.org/resource/Ripken,_Cal,_Jr. http://dbpedia.org/resource/Cal_Ripken,_Junior http://dbpedia.org/resource/Ryan_Ripken http://dbpedia.org/resource/Cal_Ripken_Jr. http://dbpedia.org/resource/Cal_ripkin","?`?k","Orioles","http://dbpedia.org/page/Baltimore_Orioles","05-06",1984,"."
"Frank White","http://dbpedia.org/resource/Frank_White_(baseball) http://dbpedia.org/resource/Frank_White_(MLB) http://dbpedia.org/resource/Frank_White_(MLB_player) http://dbpedia.org/resource/Frank_White,_Jr. http://dbpedia.org/resource/Frank_White_(baseball_player) http://dbpedia.org/resource/Frank_White_Jr http://dbpedia.org/resource/Frank_White_(Major_League_Baseball) http://dbpedia.org/resource/Frank_White_(Major_League_Baseball_player) http://dbpedia.org/resource/Frank_White_(baseball)","?`?k","Royals","http://dbpedia.org/page/Kansas_City_Royals","08-03",1982,2
"Charlie Moore","http://dbpedia.org/resource/Charlie_Moore http://dbpedia.org/resource/Charlie_Moore_(disambiguation) http://dbpedia.org/resource/Charlie_Moore_(footballer) http://dbpedia.org/resource/Charlie_Moore","?`?k","Brewers","http://dbpedia.org/page/Milwaukee_Brewers","10-01",1980,"."
"Gary Ward","http://dbpedia.org/resource/Gary_Ward_(outfielder) http://dbpedia.org/resource/Gary_Ward_(outfielder)","?`?k","Twins","http://dbpedia.org/page/Minnesota_Twins","09-18",1980,"."
"Mike Easler","http://dbpedia.org/resource/Mike_Easler http://dbpedia.org/resource/Michael_Easler http://dbpedia.org/resource/Mike_Easler http://dbpedia.org/resource/Michael_Anthony_Easler","?m?k","Pirates","http://dbpedia.org/page/Pittsburgh_Pirates","06-12",1980,"."
"Fred Lynn","http://dbpedia.org/resource/Fred_Lynn http://dbpedia.org/resource/Fred_Lynn","?`?k","Red Sox","http://dbpedia.org/page/Boston_Red_Sox","05-13",1980,"."
"Ivan DeJesus","http://dbpedia.org/resource/Iv%C3%A1n_DeJes%C3%BAs http://dbpedia.org/resource/Iv%C3%A1n_DeJes%C3%BAs","?m?k","Cubs","http://dbpedia.org/page/Chicago_Cubs","04-22",1980,"."
"Frank White","http://dbpedia.org/resource/Frank_White_(baseball) http://dbpedia.org/resource/Frank_White_(MLB) http://dbpedia.org/resource/Frank_White_(MLB_player) http://dbpedia.org/resource/Frank_White,_Jr. http://dbpedia.org/resource/Frank_White_(baseball_player) http://dbpedia.org/resource/Frank_White_Jr http://dbpedia.org/resource/Frank_White_(Major_League_Baseball) http://dbpedia.org/resource/Frank_White_(Major_League_Baseball_player) http://dbpedia.org/resource/Frank_White_(baseball)","?`?k","Royals","http://dbpedia.org/page/Kansas_City_Royals","09-26",1979,1
"Bob Watson","http://dbpedia.org/resource/Bob_Watson http://dbpedia.org/resource/Bob_Watson","?`?k","Red Sox","http://dbpedia.org/page/Boston_Red_Sox","09-15",1979,"??2"
"Dan Ford","http://dbpedia.org/resource/Dan_Ford http://dbpedia.org/resource/Dan_Ford","?`?k","Angels","http://dbpedia.org/page/Los_Angeles_Angels_of_Anaheim","08-10",1979,"."
"George Brett","http://dbpedia.org/resource/George_Brett http://dbpedia.org/resource/George_Howard_Brett_(baseball) http://dbpedia.org/resource/George_Brett_(baseball_player) http://dbpedia.org/resource/George_Howard_Brett http://dbpedia.org/resource/Brett,_George http://dbpedia.org/resource/George_Howar_Brett http://dbpedia.org/resource/George_H._Brett http://dbpedia.org/resource/George_Brett_(baseball) http://dbpedia.org/resource/George_Brett","?`?k","Royals","http://dbpedia.org/page/Kansas_City_Royals","05-28",1979,1
"Mike Cubbage","http://dbpedia.org/resource/Mike_Cubbage http://dbpedia.org/resource/Mike_Cubbage","?`?k","Twins","http://dbpedia.org/page/Minnesota_Twins","07-27",1978,"."
"Chris Speier","http://dbpedia.org/resource/Chris_Speier http://dbpedia.org/resource/Chris_Speier","?m?k","Expos","http://dbpedia.org/page/Montreal_Expos","07-20",1978,1
"Andre Thornton","http://dbpedia.org/resource/Andre_Thornton http://dbpedia.org/resource/Andr�Ã�©_Thornton http://dbpedia.org/resource/Andre_Thornton http://dbpedia.org/resource/Andy_Thornton http://dbpedia.org/resource/Andre_%22Thunder%22_Thornton","?`?k","Indians","http://dbpedia.org/page/Cleveland_Indians","04-22",1978,"."
"Jack Brohamer","http://dbpedia.org/resource/Jack_Brohamer http://dbpedia.org/resource/John_Brohamer http://dbpedia.org/resource/John_Anthony_Brohamer,_Jr. http://dbpedia.org/resource/Jack_Brohamer http://dbpedia.org/resource/John_Anthony_Brohamer","?`?k","White Sox","http://dbpedia.org/page/Chicago_White_Sox","09-24",1977,"."
"John Mayberry","http://dbpedia.org/resource/John_Mayberry http://dbpedia.org/resource/John_Mayberry http://dbpedia.org/resource/John_Mayberry,_Sr.","?`?k","Royals","http://dbpedia.org/page/Kansas_City_Royals","08-05",1977,"."
"Bob Watson","http://dbpedia.org/resource/Bob_Watson http://dbpedia.org/resource/Bob_Watson","?m?k","Astros","http://dbpedia.org/page/Houston_Astros","06-24",1977,"??1"
"Mike Hegan","http://dbpedia.org/resource/Mike_Hegan http://dbpedia.org/resource/Mike_Hegan","?`?k","Brewers","http://dbpedia.org/page/Milwaukee_Brewers","09-03",1976,"."
"Cesar Cedeno","http://dbpedia.org/resource/C%C3%A9sar_Cede%C3%B1o http://dbpedia.org/resource/C%C3%A9sar_Cede%C3%B1o","?m?k","Astros","http://dbpedia.org/page/Houston_Astros","08-09",1976,2
"Lyman Bostock","http://dbpedia.org/resource/Lyman_Bostock http://dbpedia.org/resource/Lyman_Bostock http://dbpedia.org/resource/Lyman_Bostock,_Jr. http://dbpedia.org/resource/Lyman_Wesley_Bostock,_Jr. http://dbpedia.org/resource/Lyman_Wesley_Bostock","?`?k","Twins","http://dbpedia.org/page/Minnesota_Twins","07-24",1976,"."
"Mike Phillips","http://dbpedia.org/resource/Mike_Phillips_(baseball) http://dbpedia.org/resource/Mike_Phillips_(baseball) http://dbpedia.org/resource/Mike_Phillips_(baseball_player)","?m?k","Mets","http://dbpedia.org/page/New_York_Mets","06-25",1976,"."
"Larry Hisle","http://dbpedia.org/resource/Larry_Hisle http://dbpedia.org/resource/Larry_Hisle","?`?k","Twins","http://dbpedia.org/page/Minnesota_Twins","06-04",1976,"."
"Tim Foli","http://dbpedia.org/resource/Tim_Foli http://dbpedia.org/resource/Timothy_Foli http://dbpedia.org/resource/Timothy_John_Foli http://dbpedia.org/resource/Tim_Foli","?m?k","Expos","http://dbpedia.org/page/Montreal_Expos","04-22",1976,"."
"Lou Brock","http://dbpedia.org/resource/Lou_Brock http://dbpedia.org/resource/Louis_Clark_Brock http://dbpedia.org/resource/Louis_Brock http://dbpedia.org/resource/Lou_Brock","?m?k","Cardinals","https://en.wikipedia.org/wiki/St._Louis_Cardinals","05-27",1975,"."
"Richie Zisk","http://dbpedia.org/resource/Richie_Zisk http://dbpedia.org/resource/Richie_Zisk","?m?k","Pirates","http://dbpedia.org/page/Pittsburgh_Pirates","06-09",1974,"."
"Joe Torre","http://dbpedia.org/resource/Joe_Torre http://dbpedia.org/resource/Joe_torre http://dbpedia.org/resource/Joe_Torre http://dbpedia.org/resource/Joseph_Paul_Torre http://dbpedia.org/resource/Joseph_Torre","?m?k","Cardinals","https://en.wikipedia.org/wiki/St._Louis_Cardinals","06-27",1973,"."
"Cesar Tovar","http://dbpedia.org/resource/C%C3%A9sar_Tovar http://dbpedia.org/resource/C%C3%A9sar_Tovar","?`?k","Twins","http://dbpedia.org/page/Minnesota_Twins","09-19",1972,"."
"Bobby Murcer","http://dbpedia.org/resource/Bobby_Murcer http://dbpedia.org/resource/Bobby_Mercer http://dbpedia.org/resource/Bobby_Murcer","?`?k","Yankees","http://dbpedia.org/page/New_York_Yankees","08-29",1972,"."
"Cesar Cedeno","http://dbpedia.org/resource/C%C3%A9sar_Cede%C3%B1o http://dbpedia.org/resource/C%C3%A9sar_Cede%C3%B1o","?m?k","Astros","http://dbpedia.org/page/Houston_Astros","08-02",1972,1
"Dave Kingman","http://dbpedia.org/resource/Dave_Kingman http://dbpedia.org/resource/Dave_Kingman http://dbpedia.org/resource/David_Arthur_Kingman","?m?k","Giants","http://dbpedia.org/page/San_Francisco_Giants","04-16",1972,"."
"Freddie Patek","http://dbpedia.org/resource/Freddie_Patek http://dbpedia.org/resource/Fred_Patek http://dbpedia.org/resource/Freddy_Patek http://dbpedia.org/resource/Freddie_Patek","?`?k","Royals","http://dbpedia.org/page/Kansas_City_Royals","07-09",1971,"."
"Jim Ray Hart","http://dbpedia.org/resource/Jim_Ray_Hart http://dbpedia.org/resource/Jim_ray_hart http://dbpedia.org/resource/Jim_Ray_Hart","?m?k","Giants","http://dbpedia.org/page/San_Francisco_Giants","07-08",1970,"."
"Tommie Agee","http://dbpedia.org/resource/Tommie_Agee http://dbpedia.org/resource/Tommy_Agee http://dbpedia.org/resource/Tommie_Lee_Agee http://dbpedia.org/resource/Tommie_Agee","?m?k","Mets","http://dbpedia.org/page/New_York_Mets","07-06",1970,"."
"Tony Horton","http://dbpedia.org/resource/Tony_Horton_(baseball) http://dbpedia.org/resource/Tony_Horton_(baseball_player) http://dbpedia.org/resource/Tony_Horton_(baseball)","?`?k","Indians","http://dbpedia.org/page/Cleveland_Indians","07-02",1970,"."
"Rod Carew","http://dbpedia.org/resource/Rod_Carew http://dbpedia.org/resource/Rodney_Carew http://dbpedia.org/resource/Rodney_Cline_Carew http://dbpedia.org/resource/Rod_Carew","?`?k","Twins","http://dbpedia.org/page/Minnesota_Twins","05-20",1970,"."
"Wes Parker","http://dbpedia.org/resource/Wes_Parker http://dbpedia.org/resource/Wes_Parker","?m?k","Dodgers","http://dbpedia.org/page/Los_Angeles_Dodgers","05-07",1970,"."
"Jim Fregosi","http://dbpedia.org/resource/Jim_Fregosi http://dbpedia.org/resource/Jim_Fregosi","?`?k","Angels","http://dbpedia.org/page/Los_Angeles_Angels_of_Anaheim","05-20",1968,2
"Randy Hundley","http://dbpedia.org/resource/Randy_Hundley http://dbpedia.org/resource/Randy_Hundley","?m?k","Cubs","http://dbpedia.org/page/Chicago_Cubs","08-11",1966,2
"Billy Williams","http://dbpedia.org/resource/Billy_Williams_(left_fielder) http://dbpedia.org/resource/Billy_Williams_(left_fielder)","?m?k","Cubs","http://dbpedia.org/page/Chicago_Cubs","07-17",1966,2
"Carl Yastrzemski","http://dbpedia.org/resource/Carl_Yastrzemski http://dbpedia.org/resource/Carl_Yastremski http://dbpedia.org/resource/Carl_Yaztremski http://dbpedia.org/resource/Carl_Yastrzemski http://dbpedia.org/resource/Carl_Yazstremski http://dbpedia.org/resource/Carl_Yaztrzemski http://dbpedia.org/resource/Yastrzemski http://dbpedia.org/resource/Carl_Michael_Yastrzemski","?`?k","Red Sox","http://dbpedia.org/page/Boston_Red_Sox","05-14",1965,2
"Jim Fregosi","http://dbpedia.org/resource/Jim_Fregosi http://dbpedia.org/resource/Jim_Fregosi","?`?k","Angels","http://dbpedia.org/page/Los_Angeles_Angels_of_Anaheim","07-28",1964,1
"Willie Stargell","http://dbpedia.org/resource/Willie_Stargell http://dbpedia.org/resource/Wilver_Dornel_Stargell http://dbpedia.org/resource/Wilver_Stargell http://dbpedia.org/resource/Wilver_D._Stargell http://dbpedia.org/resource/Willie_Stargell","?m?k","Pirates","http://dbpedia.org/page/Pittsburgh_Pirates","07-22",1964,"."
"Ken Boyer","http://dbpedia.org/resource/Ken_Boyer http://dbpedia.org/resource/Ken_Boyer","?m?k","Cardinals","https://en.wikipedia.org/wiki/St._Louis_Cardinals","06-16",1964,2
"Jim King","http://dbpedia.org/resource/Jim_King_(basketball) http://dbpedia.org/resource/Jim_King_(basketball)","?`?k","Senators","https://en.wikipedia.org/wiki/Washington_Senators_(1961-71)","05-26",1964,"."
"Jim Hickman","http://dbpedia.org/resource/Jim_Hickman_(1960s_outfielder) http://dbpedia.org/resource/Jim_Hickman_(1960s_outfielder)","?m?k","Mets","http://dbpedia.org/page/New_York_Mets","08-07",1963,"."
"Johnny Callison","http://dbpedia.org/resource/Johnny_Callison http://dbpedia.org/resource/Johnny_Callison","?m?k","Phillies","http://dbpedia.org/page/Philadelphia_Phillies","06-27",1963,"."
"Lu Clinton","http://dbpedia.org/resource/Lou_Clinton http://dbpedia.org/resource/Lou_Clinton","?`?k","Red Sox","http://dbpedia.org/page/Boston_Red_Sox","07-13",1962,"."
"Ken Boyer","http://dbpedia.org/resource/Ken_Boyer http://dbpedia.org/resource/Ken_Boyer","?m?k","Cardinals","https://en.wikipedia.org/wiki/St._Louis_Cardinals","09-14",1961,1
"Bill White","http://dbpedia.org/resource/Bill_White_(first_baseman) http://dbpedia.org/resource/Bill_White_(first_baseman) http://dbpedia.org/resource/Bill_White_(baseball_first_baseman) http://dbpedia.org/resource/William_De_Kova_White","?m?k","Cardinals","https://en.wikipedia.org/wiki/St._Louis_Cardinals","08-14",1960,"."
"Brooks Robinson","http://dbpedia.org/resource/Brooks_Robinson http://dbpedia.org/resource/Brooks_Robinson http://dbpedia.org/resource/Brooks_Robinson,_Jr. http://dbpedia.org/resource/Brooks_Calbert_Robinson,_Jr.","?`?k","Orioles","http://dbpedia.org/page/Baltimore_Orioles","07-15",1960,"."
"Frank Robinson","http://dbpedia.org/resource/Frank_Robinson http://dbpedia.org/resource/Frank_Robinson","?m?k","Reds","http://dbpedia.org/page/Cincinnati_Reds","05-02",1959,"."
"Mickey Mantle","http://dbpedia.org/resource/Mickey_Mantle http://dbpedia.org/resource/Mickeymantle http://dbpedia.org/resource/The_Commerce_Comet http://dbpedia.org/resource/Mickey_Mantle http://dbpedia.org/resource/The_Mick http://dbpedia.org/resource/Mickey_Charles_Mantle http://dbpedia.org/resource/Micky_Mantle","?`?k","Yankees","http://dbpedia.org/page/New_York_Yankees","07-23",1957,"."
"Lee Walls","http://dbpedia.org/resource/Lee_Walls http://dbpedia.org/resource/Lee_Walls","?m?k","Cubs","http://dbpedia.org/page/Chicago_Cubs","07-02",1957,"."
"Don Mueller","http://dbpedia.org/resource/Don_Mueller http://dbpedia.org/resource/Don_Mueller http://dbpedia.org/resource/Donald_Mueller http://dbpedia.org/resource/Donald_Frederick_Mueller","?m?k","Giants","http://dbpedia.org/page/San_Francisco_Giants","07-11",1954,"."
"Larry Doby","http://dbpedia.org/resource/Larry_Doby http://dbpedia.org/resource/Larry_Doby http://dbpedia.org/resource/Lary_Doby","?`?k","Indians","http://dbpedia.org/page/Cleveland_Indians","06-04",1952,"."
"Gus Bell","http://dbpedia.org/resource/Gus_Bell http://dbpedia.org/resource/Gus_Bell","?m?k","Pirates","http://dbpedia.org/page/Pittsburgh_Pirates","06-04",1951,"."
"Hoot Evers","http://dbpedia.org/resource/Hoot_Evers http://dbpedia.org/resource/Hoot_Evers http://dbpedia.org/resource/Walter_Evers","?`?k","Tigers","http://dbpedia.org/page/Detroit_Tigers","09-07",1950,"."
"Elmer Valo","http://dbpedia.org/resource/Elmer_Valo http://dbpedia.org/resource/Elmer_Valo","?`?k","Athletics","http://dbpedia.org/page/Oakland_Athletics","08-02",1950,"."
"Roy Smalley","http://dbpedia.org/resource/Roy_Smalley,_Jr. http://dbpedia.org/resource/Roy_Smalley_(shortstop,_born_1926) http://dbpedia.org/resource/Roy_Smalley_(NL_baseball_player) http://dbpedia.org/resource/Roy_Smalley,_Jr. http://dbpedia.org/resource/Roy_Smalley_Jr. http://dbpedia.org/resource/Roy_Frederick_Smalley,_Jr. http://dbpedia.org/resource/Roy_Smalley_(right-handed_hitter)","?m?k","Cubs","http://dbpedia.org/page/Chicago_Cubs","06-28",1950,"."
"Ralph Kiner","http://dbpedia.org/resource/Ralph_Kiner http://dbpedia.org/resource/Ralph_McPherran_Kiner http://dbpedia.org/resource/Ralph_Kiner","?m?k","Pirates","http://dbpedia.org/page/Pittsburgh_Pirates","06-25",1950,"."
"George Kell","http://dbpedia.org/resource/George_Kell http://dbpedia.org/resource/George_Kell","?`?k","Tigers","http://dbpedia.org/page/Detroit_Tigers","06-02",1950,"."
"Stan Musial","http://dbpedia.org/resource/Stan_Musial http://dbpedia.org/resource/Stanley_Frank_Musial http://dbpedia.org/resource/Stan_Musial http://dbpedia.org/resource/Stan_the_Man http://dbpedia.org/resource/Stan_The_Man","?m?k","Cardinals","https://en.wikipedia.org/wiki/St._Louis_Cardinals","07-24",1949,"."
"Gil Hodges","http://dbpedia.org/resource/Gil_Hodges http://dbpedia.org/resource/Gil_Hodges","?m?k","Dodgers","http://dbpedia.org/page/Los_Angeles_Dodgers","06-25",1949,"."
"Wally Westlake","http://dbpedia.org/resource/Wally_Westlake http://dbpedia.org/resource/Wally_Westlake","?m?k","Pirates","http://dbpedia.org/page/Pittsburgh_Pirates","06-14",1949,2
"Jackie Robinson","http://dbpedia.org/resource/Jackie_Robinson http://dbpedia.org/resource/Jackie_Robinson http://dbpedia.org/resource/Jack_R._Robinson http://dbpedia.org/resource/Jack_Roosevelt_Robinson http://dbpedia.org/resource/Jack_Roosevelt_%22Jackie%22_Robinson http://dbpedia.org/resource/Jackie_robinson http://dbpedia.org/resource/Jackie_Robinson_(athlete) http://dbpedia.org/resource/Robinson,_Jackie","?m?k","Dodgers","http://dbpedia.org/page/Los_Angeles_Dodgers","08-29",1948,"."
"Wally Westlake","http://dbpedia.org/resource/Wally_Westlake http://dbpedia.org/resource/Wally_Westlake","?m?k","Pirates","http://dbpedia.org/page/Pittsburgh_Pirates","07-30",1948,1
"Joe DiMaggio","http://dbpedia.org/resource/Joe_DiMaggio http://dbpedia.org/resource/Joseph_Paul_DiMaggio http://dbpedia.org/resource/Joltin_Joe_DiMaggio http://dbpedia.org/resource/Joe_Dimaggio http://dbpedia.org/resource/56_game_hit_streak http://dbpedia.org/resource/Joe_DiMaggio http://dbpedia.org/resource/Joltin'_Joe http://dbpedia.org/resource/Joe_dimaggio http://dbpedia.org/resource/56-game_hit_streak http://dbpedia.org/resource/Joe_Dimmagio http://dbpedia.org/resource/Joseph_DiMaggio http://dbpedia.org/resource/Joe_Di_Maggio http://dbpedia.org/resource/Joe_di_Maggio http://dbpedia.org/resource/JOE_DIMAGGIO http://dbpedia.org/resource/56-game_hitting_streak http://dbpedia.org/resource/Giuseppe_Paolo_DiMaggio http://dbpedia.org/resource/Giuseppe_Paolo_DiMaggio,_Jr. http://dbpedia.org/resource/56_game_hitting_streak http://dbpedia.org/resource/Giuseppe_DiMaggio","?`?k","Yankees","http://dbpedia.org/page/New_York_Yankees","05-20",1948,2
"Vic Wertz","http://dbpedia.org/resource/Vic_Wertz http://dbpedia.org/resource/Victor_W._Wertz http://dbpedia.org/resource/Victor_Wertz http://dbpedia.org/resource/Vic_Wertz http://dbpedia.org/resource/Victor_Woodrow_Wertz","?`?k","Tigers","http://dbpedia.org/page/Detroit_Tigers","09-14",1947,"."
"Bobby Doerr","http://dbpedia.org/resource/Bobby_Doerr http://dbpedia.org/resource/Robert_Pershing_Doerr http://dbpedia.org/resource/Bob_Doerr http://dbpedia.org/resource/Bobby_Doerr","?`?k","Red Sox","http://dbpedia.org/page/Boston_Red_Sox","05-13",1947,2
"Ted Williams","http://dbpedia.org/resource/Ted_Williams http://dbpedia.org/resource/Theodore_Samuels_Williams http://dbpedia.org/resource/Ted_Williams_(baseball) http://dbpedia.org/resource/Teddy_Ballgame http://dbpedia.org/resource/Splendid_Splinter http://dbpedia.org/resource/Williams,_Ted http://dbpedia.org/resource/Ted_Williams http://dbpedia.org/resource/Ted_Williams_Brand http://dbpedia.org/resource/Greatest_Hitter_Who_Ever_Lived http://dbpedia.org/resource/Theodore_Samuel_Williams","?`?k","Red Sox","http://dbpedia.org/page/Boston_Red_Sox","07-21",1946,"."
"Mickey Vernon","http://dbpedia.org/resource/Mickey_Vernon http://dbpedia.org/resource/Micky_Vernon http://dbpedia.org/resource/Mickey_Vernon","?`?k","Senators","http://dbpedia.org/resource/History_of_the_Washington_Senators_(1901-60)","05-19",1946,"."
"Bill Salked","http://dbpedia.org/resource/Bill_Salkeld http://dbpedia.org/resource/Bill_Salkeld","?m?k","Pirates","http://dbpedia.org/page/Pittsburgh_Pirates","08-04",1945,"."
"Bob Elliott","http://dbpedia.org/resource/Bob_Elliott_(baseball) http://dbpedia.org/resource/Bob_Elliott_(baseball)","?m?k","Pirates","http://dbpedia.org/page/Pittsburgh_Pirates","07-15",1945,"."
"Dixie Walker","http://dbpedia.org/resource/Dixie_Walker http://dbpedia.org/resource/Fred_�â��Dixie�â��_Walker http://dbpedia.org/resource/Dixie_Walker http://dbpedia.org/resource/Roy_%22Dixie%22_Walker","?m?k","Dodgers","http://dbpedia.org/page/Los_Angeles_Dodgers","09-02",1944,"."
"Bob Johnson","http://dbpedia.org/resource/Bob_Johnson_(outfielder) http://dbpedia.org/resource/Indian_Bob_Johnson http://dbpedia.org/resource/Bob_Johnson_(MLB_outfielder) http://dbpedia.org/resource/Bob_Johnson_(outfielder) http://dbpedia.org/resource/Bob_Johnson_(baseball_player)","?`?k","Red Sox","http://dbpedia.org/page/Boston_Red_Sox","07-06",1944,"."
"Bobby Doerr","http://dbpedia.org/resource/Bobby_Doerr http://dbpedia.org/resource/Robert_Pershing_Doerr http://dbpedia.org/resource/Bob_Doerr http://dbpedia.org/resource/Bobby_Doerr","?`?k","Red Sox","http://dbpedia.org/page/Boston_Red_Sox","05-17",1944,1
"Leon Culberson","http://dbpedia.org/resource/Leon_Culberson http://dbpedia.org/resource/Leon_Culberson","?`?k","Red Sox","http://dbpedia.org/page/Boston_Red_Sox","07-03",1943,"."
"George McQuinn","http://dbpedia.org/resource/George_McQuinn http://dbpedia.org/resource/George_McQuinn","?`?k","Browns","http://dbpedia.org/page/History_of_the_St._Louis_Browns","07-19",1941,"."
"Joe Gordon","http://dbpedia.org/resource/Joe_Gordon http://dbpedia.org/resource/Joseph_Lowell_Gordon http://dbpedia.org/resource/Joe_Gordon http://dbpedia.org/resource/Joe_Gordon_(baseball)","?`?k","Yankees","http://dbpedia.org/page/New_York_Yankees","09-08",1940,"."
"Joe Cronin","http://dbpedia.org/resource/Joe_Cronin http://dbpedia.org/resource/Joe_Cronin http://dbpedia.org/resource/Cronin,_Joe","?`?k","Red Sox","http://dbpedia.org/page/Boston_Red_Sox","08-02",1940,2
"Buddy Rosar","http://dbpedia.org/resource/Buddy_Rosar http://dbpedia.org/resource/Buddy_Rosar","?`?k","Yankees","http://dbpedia.org/page/New_York_Yankees","07-19",1940,"."
"Johnny Mize","http://dbpedia.org/resource/Johnny_Mize http://dbpedia.org/resource/John_Mize http://dbpedia.org/resource/Johnny_Mize http://dbpedia.org/resource/Big_Jawn","?m?k","Cardinals","https://en.wikipedia.org/wiki/St._Louis_Cardinals","07-13",1940,"."
"Harry Danning","http://dbpedia.org/resource/Harry_Danning http://dbpedia.org/resource/Harry_Danning http://dbpedia.org/resource/Harry_the_Horse","?m?k","Giants","http://dbpedia.org/page/San_Francisco_Giants","06-15",1940,"."
"Harry Craft","http://dbpedia.org/resource/Harry_Craft http://dbpedia.org/resource/Harry_Craft","?m?k","Reds","http://dbpedia.org/page/Cincinnati_Reds","06-08",1940,"."
"Arky Vaughan","http://dbpedia.org/resource/Arky_Vaughan http://dbpedia.org/resource/Arky_Vaughn http://dbpedia.org/resource/Floyd_Vaughan http://dbpedia.org/resource/Joseph_Vaughan http://dbpedia.org/resource/Arky_Vaughan","?m?k","Pirates","http://dbpedia.org/page/Pittsburgh_Pirates","07-19",1939,2
"Charlie Gehringer","http://dbpedia.org/resource/Charlie_Gehringer http://dbpedia.org/resource/Charles_Gehringer http://dbpedia.org/resource/Charlie_Gehringer http://dbpedia.org/resource/Charles_Leonard_Gehringer","?`?k","Tigers","http://dbpedia.org/page/Detroit_Tigers","05-27",1939,"."
"Sam Chapman","http://dbpedia.org/resource/Sam_Chapman http://dbpedia.org/resource/Sam_Chapman_(football) http://dbpedia.org/resource/Sam_Chapman","?`?k","Athletics","http://dbpedia.org/page/Oakland_Athletics","05-05",1939,"."
"Odell Hale","http://dbpedia.org/resource/Odell_Hale http://dbpedia.org/resource/Bad_News_Hale http://dbpedia.org/resource/Odell_Hale","?`?k","Indians","http://dbpedia.org/page/Cleveland_Indians","07-12",1938,"."
"Lou Gehrig","http://dbpedia.org/resource/Lou_Gehrig http://dbpedia.org/resource/Biscuit_pants http://dbpedia.org/resource/Henry_Louis_Gehrig http://dbpedia.org/resource/Ludwig_Heinrich_Gehrig http://dbpedia.org/resource/Lou_Gherig http://dbpedia.org/resource/Lou_gerhig http://dbpedia.org/resource/Louis_Gehrig http://dbpedia.org/resource/Henry_Louis_%22Lou%22_Gehrig http://dbpedia.org/resource/Lou_Gehrig http://dbpedia.org/resource/Biscuit_Pants http://dbpedia.org/resource/Luckiest_man_on_the_face_of_the_earth http://dbpedia.org/resource/Lou_Gehrig_Appreciation_Day http://dbpedia.org/resource/The_luckiest_man_on_the_face_of_the_earth http://dbpedia.org/resource/Lou_Gerhig http://dbpedia.org/resource/Gehrig http://dbpedia.org/resource/Lou_gehrig","?`?k","Yankees","http://dbpedia.org/page/New_York_Yankees","08-01",1937,2
"Joe DiMaggio","http://dbpedia.org/resource/Joe_DiMaggio http://dbpedia.org/resource/56_game_hit_streak http://dbpedia.org/resource/56-game_hitting_streak http://dbpedia.org/resource/Joltin_Joe_DiMaggio http://dbpedia.org/resource/Joseph_Paul_DiMaggio http://dbpedia.org/resource/Joe_Dimaggio http://dbpedia.org/resource/Joe_di_Maggio http://dbpedia.org/resource/Joe_dimaggio http://dbpedia.org/resource/Joe_Di_Maggio http://dbpedia.org/resource/Giuseppe_DiMaggio http://dbpedia.org/resource/Giuseppe_Paolo_DiMaggio http://dbpedia.org/resource/56-game_hit_streak http://dbpedia.org/resource/Giuseppe_Paolo_DiMaggio,_Jr. http://dbpedia.org/resource/Joe_DiMaggio http://dbpedia.org/resource/JOE_DIMAGGIO http://dbpedia.org/resource/Joltin'_Joe http://dbpedia.org/resource/Joe_Dimmagio http://dbpedia.org/resource/56_game_hitting_streak http://dbpedia.org/resource/Joseph_DiMaggio","?`?k","Yankees","http://dbpedia.org/page/New_York_Yankees","07-09",1937,1
"Gee Walker","http://dbpedia.org/resource/Gee_Walker http://dbpedia.org/resource/Gerald_Holmes_Walker http://dbpedia.org/resource/Gerald_H._Walker http://dbpedia.org/resource/Gee_Walker","?`?k","Tigers","http://dbpedia.org/page/Detroit_Tigers","04-20",1937,"."
"Sam Leslie","http://dbpedia.org/resource/Sam_Leslie http://dbpedia.org/resource/Sam_Leslie","?m?k","Giants","http://dbpedia.org/page/San_Francisco_Giants","05-24",1936,"."
"Joe Medwick","http://dbpedia.org/resource/Joe_Medwick http://dbpedia.org/resource/Ducky_Medwick http://dbpedia.org/resource/Joe_Medwick http://dbpedia.org/resource/Ducky_medwick http://dbpedia.org/resource/Medwick http://dbpedia.org/resource/Ducky_Joe_Medwick","?m?k","Cardinals","https://en.wikipedia.org/wiki/St._Louis_Cardinals","06-29",1935,"."
"Moose Solters","http://dbpedia.org/resource/Moose_Solters http://dbpedia.org/resource/Moose_Solters http://dbpedia.org/resource/Julius_Joseph_Soltesz http://dbpedia.org/resource/Julius_Joseph_Solters http://dbpedia.org/resource/Julius_J._Soltesz http://dbpedia.org/resource/Julius_J._Solters http://dbpedia.org/resource/Julius_Solters http://dbpedia.org/resource/Julius_Soltesz","?`?k","Red Sox","http://dbpedia.org/page/Boston_Red_Sox","08-19",1934,"."
"Lou Gehrig","http://dbpedia.org/resource/Lou_Gehrig http://dbpedia.org/resource/Biscuit_pants http://dbpedia.org/resource/Henry_Louis_Gehrig http://dbpedia.org/resource/Ludwig_Heinrich_Gehrig http://dbpedia.org/resource/Lou_Gherig http://dbpedia.org/resource/Lou_gerhig http://dbpedia.org/resource/Louis_Gehrig http://dbpedia.org/resource/Henry_Louis_%22Lou%22_Gehrig http://dbpedia.org/resource/Lou_Gehrig http://dbpedia.org/resource/Biscuit_Pants http://dbpedia.org/resource/Luckiest_man_on_the_face_of_the_earth http://dbpedia.org/resource/Lou_Gehrig_Appreciation_Day http://dbpedia.org/resource/The_luckiest_man_on_the_face_of_the_earth http://dbpedia.org/resource/Lou_Gerhig http://dbpedia.org/resource/Gehrig http://dbpedia.org/resource/Lou_gehrig","?`?k","Yankees","http://dbpedia.org/page/New_York_Yankees","06-25",1934,"."
"Roger Cramer","http://dbpedia.org/resource/Doc_Cramer http://dbpedia.org/resource/Doc_Cramer http://dbpedia.org/resource/Roger_Cramer","?`?k","Athletics","http://dbpedia.org/page/Oakland_Athletics","06-10",1934,"."
"Babe Herman","http://dbpedia.org/resource/Babe_Herman http://dbpedia.org/resource/Babe_Herman","?m?k","Cubs","http://dbpedia.org/page/Chicago_Cubs","09-30",1933,3
"Earl Averill","http://dbpedia.org/resource/Earl_Averill http://dbpedia.org/resource/Earl_Averill http://dbpedia.org/resource/H._Earl_Averill http://dbpedia.org/resource/Howard_Earl_Averill","?`?k","Indians","http://dbpedia.org/page/Cleveland_Indians","08-17",1933,"."
"Jimmie Foxx","http://dbpedia.org/resource/Jimmie_Foxx http://dbpedia.org/resource/James_Emory_Foxx http://dbpedia.org/resource/Jimmy_Foxx http://dbpedia.org/resource/Jimmie_Foxx http://dbpedia.org/resource/Jimmie_fox","?`?k","Athletics","http://dbpedia.org/page/Oakland_Athletics","08-14",1933,"."
"Pinky Higgins","http://dbpedia.org/resource/Pinky_Higgins http://dbpedia.org/resource/Pinky_Higgins","?`?k","Athletics","http://dbpedia.org/page/Oakland_Athletics","08-06",1933,"."
"Mickey Cochrane","http://dbpedia.org/resource/Mickey_Cochrane http://dbpedia.org/resource/Gordon_Stanley_%22Mickey%22_Cochrane http://dbpedia.org/resource/Cochrane,_Mickey http://dbpedia.org/resource/Gordon_Stanley_Cochrane http://dbpedia.org/resource/Mickey_Cochrane http://dbpedia.org/resource/Mickey_Cochran","?`?k","Athletics","http://dbpedia.org/page/Oakland_Athletics","08-02",1933,2
"Arky Vaughan","http://dbpedia.org/resource/Arky_Vaughan http://dbpedia.org/resource/Arky_Vaughn http://dbpedia.org/resource/Floyd_Vaughan http://dbpedia.org/resource/Joseph_Vaughan http://dbpedia.org/resource/Arky_Vaughan","?m?k","Pirates","http://dbpedia.org/page/Pittsburgh_Pirates","06-24",1933,1
"Chuck Klein","http://dbpedia.org/resource/Chuck_Klein http://dbpedia.org/resource/Chuck_Klein","?m?k","Phillies","http://dbpedia.org/page/Philadelphia_Phillies","05-26",1933,2
"Pepper Martin","http://dbpedia.org/resource/Pepper_Martin http://dbpedia.org/resource/Pepper_Martin","?m?k","Cardinals","https://en.wikipedia.org/wiki/St._Louis_Cardinals","05-05",1933,"."
"Mickey Cochrane","http://dbpedia.org/resource/Mickey_Cochrane http://dbpedia.org/resource/Mickey_Cochran http://dbpedia.org/resource/Gordon_Stanley_%22Mickey%22_Cochrane http://dbpedia.org/resource/Cochrane,_Mickey http://dbpedia.org/resource/Mickey_Cochrane http://dbpedia.org/resource/Gordon_Stanley_Cochrane","?`?k","Athletics","http://dbpedia.org/page/Oakland_Athletics","07-22",1932,"."
"Tony Lazzeri","http://dbpedia.org/resource/Tony_Lazzeri http://dbpedia.org/resource/Lazzeri http://dbpedia.org/resource/Anthony_Michael_''Tony''_Lazzeri http://dbpedia.org/resource/Tony_Lazzeri http://dbpedia.org/resource/Tony_Lazzerri http://dbpedia.org/resource/Anthony_Michael_Lazzeri http://dbpedia.org/resource/Anthony_Lazzeri http://dbpedia.org/resource/Tony_Lazeri","?`?k","Yankees","http://dbpedia.org/page/New_York_Yankees","06-03",1932,"."
"Babe Herman","http://dbpedia.org/resource/Babe_Herman http://dbpedia.org/resource/Babe_Herman","?m?k","Dodgers","http://dbpedia.org/page/Los_Angeles_Dodgers","07-24",1931,2
"Chuck Klein","http://dbpedia.org/resource/Chuck_Klein http://dbpedia.org/resource/Chuck_Klein","?m?k","Phillies","http://dbpedia.org/page/Philadelphia_Phillies","07-01",1931,1
"Babe Herman","http://dbpedia.org/resource/Babe_Herman http://dbpedia.org/resource/Babe_Herman","?m?k","Dodgers","http://dbpedia.org/page/Los_Angeles_Dodgers","05-18",1931,1
"Chick Hafey","http://dbpedia.org/resource/Chick_Hafey http://dbpedia.org/resource/Charles_J._Hafey http://dbpedia.org/resource/Chick_Hafey http://dbpedia.org/resource/Charles_James_Hafey http://dbpedia.org/resource/Charles_Hafey http://dbpedia.org/resource/Hafey,_Chick","?m?k","Cardinals","https://en.wikipedia.org/wiki/St._Louis_Cardinals","08-21",1930,"."
"Hack Wilson","http://dbpedia.org/resource/Hack_Wilson http://dbpedia.org/resource/Hack_Wilson http://dbpedia.org/resource/Lewis_Robert_Wilson","?m?k","Cubs","http://dbpedia.org/page/Chicago_Cubs","06-23",1930,"."
"Freddy Lindstrom","http://dbpedia.org/resource/Freddie_Lindstrom http://dbpedia.org/resource/Frederick_Charles_Lindstrom http://dbpedia.org/resource/Freddy_Lindstrom http://dbpedia.org/resource/Lindstrom,_Fred http://dbpedia.org/resource/Freddie_Lindstrom","?m?k","Giants","http://dbpedia.org/page/San_Francisco_Giants","05-08",1930,"."
"Joe Cronin","http://dbpedia.org/resource/Joe_Cronin http://dbpedia.org/resource/Joe_Cronin http://dbpedia.org/resource/Cronin,_Joe","?`?k","Senators","http://dbpedia.org/resource/History_of_the_Washington_Senators_(1901-60)","09-02",1929,1
"Oscar Melillo","http://dbpedia.org/resource/Ski_Melillo http://dbpedia.org/resource/Oscar_Melillo http://dbpedia.org/resource/Ski_Melillo","?`?k","Browns","http://dbpedia.org/page/History_of_the_St._Louis_Browns","05-23",1929,"."
"Mel Ott","http://dbpedia.org/resource/Mel_Ott http://dbpedia.org/resource/Melvin_T._Ott http://dbpedia.org/resource/Melvin_Thomas_Ott http://dbpedia.org/resource/Mel_Ott http://dbpedia.org/resource/Mel_ott http://dbpedia.org/resource/Melvin_Ott http://dbpedia.org/resource/Mel_Ott_Award","?m?k","Giants","http://dbpedia.org/page/San_Francisco_Giants","05-16",1929,"."
"Bob Meusel","http://dbpedia.org/resource/Bob_Meusel http://dbpedia.org/resource/Robert_William_%22Bob%22_Meusel http://dbpedia.org/resource/Robert_William_Meusel http://dbpedia.org/resource/Bob_Meusel http://dbpedia.org/resource/Robert_Meusel","?`?k","Yankees","http://dbpedia.org/page/New_York_Yankees","07-26",1928,3
"Bill Terry","http://dbpedia.org/resource/Bill_Terry http://dbpedia.org/resource/Bill_Terry","?m?k","Giants","http://dbpedia.org/page/San_Francisco_Giants","05-29",1928,"."
"Cy Williams","http://dbpedia.org/resource/Cy_Williams http://dbpedia.org/resource/Cy_Williams","?m?k","Phillies","http://dbpedia.org/page/Philadelphia_Phillies","08-05",1927,"."
"Jim Bottomley","http://dbpedia.org/resource/Jim_Bottomley http://dbpedia.org/resource/Sunny_Jim_Bottomley http://dbpedia.org/resource/Jim_Bottomley http://dbpedia.org/resource/Jim_Bottomly","?m?k","Cardinals","https://en.wikipedia.org/wiki/St._Louis_Cardinals","07-15",1927,"."
"Bob Fothergill","http://dbpedia.org/resource/Bob_Fothergill http://dbpedia.org/resource/Fats_Fothergill http://dbpedia.org/resource/Bob_Fothergill http://dbpedia.org/resource/Robert_R._Fothergill http://dbpedia.org/resource/Robert_Fothergill http://dbpedia.org/resource/Robert_Roy_Fothergill http://dbpedia.org/resource/Fatty_Fothergill","?`?k","Tigers","http://dbpedia.org/page/Detroit_Tigers","09-26",1926,"."
"Roy Carlyle","http://dbpedia.org/resource/Roy_Carlyle http://dbpedia.org/resource/Roy_Carlyle","?`?k","Red Sox","http://dbpedia.org/page/Boston_Red_Sox","07-21",1925,"."
"Max Carey","http://dbpedia.org/resource/Max_Carey http://dbpedia.org/resource/Max_Carey","?m?k","Pirates","http://dbpedia.org/page/Pittsburgh_Pirates","06-20",1925,"."
"Kiki Cuyler","http://dbpedia.org/resource/Kiki_Cuyler http://dbpedia.org/resource/Hazen_Shirley_Cuyler http://dbpedia.org/resource/Hazen_Cuyler http://dbpedia.org/resource/Cuyler,_Hazen_Shirley http://dbpedia.org/resource/Kiki_Cuyler","?m?k","Pirates","http://dbpedia.org/page/Pittsburgh_Pirates","06-04",1925,"."
"Goose Goslin","http://dbpedia.org/resource/Goose_Goslin http://dbpedia.org/resource/Goose_Goslin http://dbpedia.org/resource/Leon_Goslin","?`?k","Senators","http://dbpedia.org/resource/History_of_the_Washington_Senators_(1901-60)","08-28",1924,"."
"Baby Doll Jacobson","http://dbpedia.org/resource/Baby_Doll_Jacobson http://dbpedia.org/resource/Baby_Doll_Jacobson","?`?k","Browns","http://dbpedia.org/page/History_of_the_St._Louis_Browns","04-17",1924,"."
"Pie Traynor","http://dbpedia.org/resource/Pie_Traynor http://dbpedia.org/resource/Harold_J._Traynor http://dbpedia.org/resource/Pie_Traynor http://dbpedia.org/resource/Harold_Joseph_%22Pie%22_Traynor","?m?k","Pirates","http://dbpedia.org/page/Pittsburgh_Pirates","07-07",1923,"."
"Bob Meusel","http://dbpedia.org/resource/Bob_Meusel http://dbpedia.org/resource/Robert_William_Meusel http://dbpedia.org/resource/Robert_William_%22Bob%22_Meusel http://dbpedia.org/resource/Bob_Meusel http://dbpedia.org/resource/Robert_Meusel","?`?k","Yankees","http://dbpedia.org/page/New_York_Yankees","07-03",1922,2
"Ray Schalk","http://dbpedia.org/resource/Ray_Schalk http://dbpedia.org/resource/Cracker_Schalk http://dbpedia.org/resource/Ray_Schalk","?`?k","White Sox","http://dbpedia.org/page/Chicago_White_Sox","06-27",1922,"."
"Jimmy Johnston","http://dbpedia.org/resource/Jimmy_Johnston http://dbpedia.org/resource/Jimmy_Johnston","?m?k","Dodgers","http://dbpedia.org/page/Los_Angeles_Dodgers","05-25",1922,"."
"Ross Youngs","http://dbpedia.org/resource/Ross_Youngs http://dbpedia.org/resource/Ross_Youngs","?m?k","Giants","http://dbpedia.org/page/San_Francisco_Giants","04-29",1922,"."
"Dave Robertson","http://dbpedia.org/resource/Dave_Robertson http://dbpedia.org/resource/Davis_Robertson http://dbpedia.org/resource/Dave_Robertson http://dbpedia.org/resource/Davis_A._Robertson http://dbpedia.org/resource/Davis_Aydelotte_Robertson","?m?k","Pirates","http://dbpedia.org/page/Pittsburgh_Pirates","08-30",1921,"."
"George Sisler","http://dbpedia.org/resource/George_Sisler http://dbpedia.org/resource/George_Harold_Sisler http://dbpedia.org/resource/George_Sisler http://dbpedia.org/resource/George_%22The_Sizzler%22_Sisler http://dbpedia.org/resource/Sizzler_Sisler","?`?k","Browns","http://dbpedia.org/page/History_of_the_St._Louis_Browns","08-13",1921,2
"Dave Bancroft","http://dbpedia.org/resource/Dave_Bancroft http://dbpedia.org/resource/Dave_Bancroft http://dbpedia.org/resource/David_Bancroft","?m?k","Giants","http://dbpedia.org/page/San_Francisco_Giants","06-01",1921,"."
"Bob Meusel","http://dbpedia.org/resource/Bob_Meusel http://dbpedia.org/resource/Robert_William_%22Bob%22_Meusel http://dbpedia.org/resource/Robert_William_Meusel http://dbpedia.org/resource/Bob_Meusel http://dbpedia.org/resource/Robert_Meusel","?`?k","Yankees","http://dbpedia.org/page/New_York_Yankees","05-07",1921,1
"Bobby Veach","http://dbpedia.org/resource/Bobby_Veach http://dbpedia.org/resource/Bobby_Veach","?`?k","Tigers","http://dbpedia.org/page/Detroit_Tigers","09-17",1920,"."
"George Burns","http://dbpedia.org/resource/George_Burns_(outfielder) http://dbpedia.org/resource/George_J._Burns http://dbpedia.org/resource/George_Burns_(outfielder)","?m?k","Giants","http://dbpedia.org/page/San_Francisco_Giants","09-17",1920,"."
"George Sisler","http://dbpedia.org/resource/George_Sisler http://dbpedia.org/resource/George_Harold_Sisler http://dbpedia.org/resource/George_Sisler http://dbpedia.org/resource/George_%22The_Sizzler%22_Sisler http://dbpedia.org/resource/Sizzler_Sisler","?`?k","Browns","http://dbpedia.org/page/History_of_the_St._Louis_Browns","08-08",1920,1
"Cliff Heathcote","http://dbpedia.org/resource/Cliff_Heathcote http://dbpedia.org/resource/Cliff_Heathcote","?m?k","Cardinals","https://en.wikipedia.org/wiki/St._Louis_Cardinals","07-13",1918,"."
"Heinie Groh","http://dbpedia.org/resource/Heinie_Groh http://dbpedia.org/resource/Heinie_Groh","?m?k","Reds","http://dbpedia.org/page/Cincinnati_Reds","07-05",1915,"."
"Honus Wagner","http://dbpedia.org/resource/Honus_Wagner http://dbpedia.org/resource/Honus'_Wagner http://dbpedia.org/resource/John_P._Wagner http://dbpedia.org/resource/Honus http://dbpedia.org/resource/Honus_Wagner http://dbpedia.org/resource/John_Peter_Wagner http://dbpedia.org/resource/Johannes_Peter_%22Honus%22_Wagner http://dbpedia.org/resource/Johannes_Wagner","?m?k","Pirates","http://dbpedia.org/page/Pittsburgh_Pirates","08-22",1912,"."
"Bert Daniels","http://dbpedia.org/resource/Bert_Daniels http://dbpedia.org/resource/Bert_Daniels","?`?k","Yankees","http://dbpedia.org/page/New_York_Yankees","07-25",1912,"."
"Chief Meyers","http://dbpedia.org/resource/Chief_Meyers http://dbpedia.org/resource/Chief_Meyers http://dbpedia.org/resource/John_Tortes_%22Chief%22_Meyers","?m?k","Giants","http://dbpedia.org/page/San_Francisco_Giants","06-10",1912,"."
"Tris Speaker","http://dbpedia.org/resource/Tris_Speaker http://dbpedia.org/resource/Tristram_Speaker http://dbpedia.org/resource/Tris_Speaker","?`?k","Red Sox","http://dbpedia.org/page/Boston_Red_Sox","06-09",1912,"."
"Mike Mitchell","http://dbpedia.org/resource/Mike_Mitchell_(baseball) http://dbpedia.org/resource/Mike_Mitchell_(baseball) http://dbpedia.org/resource/Mike_Mitchell_(baseball_player)","?m?k","Reds","http://dbpedia.org/page/Cincinnati_Reds","08-19",1911,"."
"Frank Baker","http://dbpedia.org/resource/Frank_Baker_(outfielder) http://dbpedia.org/resource/Frank_Baker_(outfield) http://dbpedia.org/resource/Frank_Baker_(outfielder)","?`?k","Athletics","http://dbpedia.org/page/Oakland_Athletics","07-03",1911,"."
"Bill Collins","http://dbpedia.org/resource/Bill_Collins_(outfielder) http://dbpedia.org/resource/Bill_Collins_(baseball_outfielder) http://dbpedia.org/resource/Bill_Collins_(outfielder)","?m?k","Braves","http://dbpedia.org/page/Atlanta_Braves","10-06",1910,"."
"Danny Murphy","http://dbpedia.org/resource/Danny_Murphy_(second_baseman) http://dbpedia.org/resource/Danny_Murphy_(baseball_infielder) http://dbpedia.org/resource/Danny_Murphy_(infielder) http://dbpedia.org/resource/Danny_Murphy_(MLB_second_baseman) http://dbpedia.org/resource/Danny_Murphy_(second_baseman)","?`?k","Athletics","http://dbpedia.org/page/Oakland_Athletics","08-25",1910,"."
"Owen Wilson","http://dbpedia.org/resource/Chief_Wilson http://dbpedia.org/resource/Chief_Wilson","?m?k","Pirates","http://dbpedia.org/page/Pittsburgh_Pirates","07-03",1910,"."
"Otis Clymer","http://dbpedia.org/resource/Otis_Clymer http://dbpedia.org/resource/Otis_Clymer","?`?k","Senators","http://dbpedia.org/resource/History_of_the_Washington_Senators_(1901-60)","10-02",1908,"."
"John Bates","http://dbpedia.org/resource/John_Bates_(baseball) http://dbpedia.org/resource/John_Bates_(baseball)","?m?k","Braves","http://dbpedia.org/page/Atlanta_Braves","04-26",1907,"."
"Sam Mertes","http://dbpedia.org/resource/Sam_Mertes http://dbpedia.org/resource/Sam_Mertes","?m?k","Giants","http://dbpedia.org/page/San_Francisco_Giants","10-04",1904,"."
"Duff Cooley","http://dbpedia.org/resource/Duff_Cooley http://dbpedia.org/resource/Duff_Cooley","?m?k","Braves","http://dbpedia.org/page/Atlanta_Braves","06-20",1904,"."
"Bill Bradley","http://dbpedia.org/resource/Bill_Bradley http://dbpedia.org/resource/Bradley,_Bill http://dbpedia.org/resource/Bill_Bradley http://dbpedia.org/resource/William_Warren_Bradley http://dbpedia.org/resource/William_W._Bradley http://dbpedia.org/resource/William_W_Bradley http://dbpedia.org/resource/William_Walter_Bradley","?`?k","Indians","http://dbpedia.org/page/Cleveland_Indians","09-24",1903,"."
"Pat Dougherty","http://dbpedia.org/resource/Pat_Dougherty http://dbpedia.org/resource/Pat_Dougherty","?`?k","Red Sox","http://dbpedia.org/page/Boston_Red_Sox","07-29",1903,"."
"Buck Freeman","http://dbpedia.org/resource/Buck_Freeman http://dbpedia.org/resource/Buck_Freeman","?`?k","Red Sox","http://dbpedia.org/page/Boston_Red_Sox","07-21",1903,"."
"Fred Clarke","http://dbpedia.org/resource/Fred_Clarke http://dbpedia.org/resource/Clarke,_Fred http://dbpedia.org/resource/Fred_Clarke","?m?k","Pirates","http://dbpedia.org/page/Pittsburgh_Pirates","05-07",1903,2
"Nap Lajoie","http://dbpedia.org/resource/Nap_Lajoie http://dbpedia.org/resource/Napoleon_Lajoie http://dbpedia.org/resource/Napol�Ã�©on_Lajoie http://dbpedia.org/resource/N._Lajoie http://dbpedia.org/resource/Napol�Ã�©on_%22Nap%22_Lajoie http://dbpedia.org/resource/Nap_Lajoie http://dbpedia.org/resource/Larry_Lajoie http://dbpedia.org/resource/Nap_LaJoie","?`?k","Athletics","http://dbpedia.org/page/Oakland_Athletics","07-30",1901,"."
"Fred Clarke","http://dbpedia.org/resource/Fred_Clarke http://dbpedia.org/resource/Clarke,_Fred http://dbpedia.org/resource/Fred_Clarke","?m?k","Pirates","http://dbpedia.org/page/Pittsburgh_Pirates","07-23",1901,1
"Harry Davis","http://dbpedia.org/resource/Harry_Davis_(1900s_first_baseman) http://dbpedia.org/resource/Harry_Davis_(1900s_first_baseman)","?`?k","Athletics","http://dbpedia.org/page/Oakland_Athletics","07-10",1901,"."
"Bill Joyce","http://dbpedia.org/resource/Bill_Joyce_(baseball) http://dbpedia.org/resource/Bill_Joyce_(baseball_player) http://dbpedia.org/resource/Bill_Joyce_(baseball) http://dbpedia.org/resource/William_Joyce_(baseball)","?m?k","Washington","http://dbpedia.org/page/Washington_Senators_(1891–99)","05-30",1896,"."
"Herman Long","http://dbpedia.org/resource/Herman_Long_(baseball) http://dbpedia.org/resource/Herman_Long_(baseball)","?m?k","Boston","https://en.wikipedia.org/wiki/History_of_the_Boston_Braves","05-09",1896,"."
"Ed Cartwright","http://dbpedia.org/resource/Ed_Cartwright http://dbpedia.org/resource/Ed_Cartwright","?m?k","Washington","http://dbpedia.org/page/Washington_Senators_(1891–99)","09-30",1895,"."
"Tom Dowd","http://dbpedia.org/resource/Tommy_Dowd_(baseball) http://dbpedia.org/resource/Tommy_Dowd_(baseball) http://dbpedia.org/resource/Tommy_Dowd_(Baseball)","?m?k","St. Louis","https://en.wikipedia.org/wiki/History_of_the_St._Louis_Browns","08-16",1895,"."
"Tom Parrett","http://dbpedia.org/resource/Tom_Parrott http://dbpedia.org/resource/Tom_Parrott","?m?k","Cincinnati","https://en.wikipedia.org/wiki/Cincinnati_Reds","09-28",1894,"."
"Sam Thompson","http://dbpedia.org/resource/Sam_Thompson http://dbpedia.org/resource/Sam_Thompson","?m?k","Philadelphia","http://dbpedia.org/page/Philadelphia_Phillies","08-17",1894,"."
"Bill Hassamaer","http://dbpedia.org/resource/Bill_Hassamaer http://dbpedia.org/resource/Bill_Hassamaer","?m?k","Washington","http://dbpedia.org/page/Washington_Senators_(1891–99)","06-13",1894,"."
"Lave Cross","http://dbpedia.org/resource/Lave_Cross http://dbpedia.org/resource/Lafayette_Napoleon_Cross http://dbpedia.org/resource/Lave_Cross","?m?k","Philadelphia","http://dbpedia.org/page/Philadelphia_Phillies","04-24",1894,"."
"Jimmy Ryan","http://dbpedia.org/resource/Jimmy_Ryan_(baseball) http://dbpedia.org/resource/Jimmy_Ryan_(baseball) http://dbpedia.org/resource/Jimmy_Ryan_(baseball_player)","?m?k","Chicago","http://dbpedia.org/page/History_of_the_Chicago_Cubs","07-01",1891,2
"John Reilly","http://dbpedia.org/resource/John_Reilly_(baseball) http://dbpedia.org/resource/Long_John_Reilly http://dbpedia.org/resource/John_Reilly_(baseball)","?m?k","Cincinnati","https://en.wikipedia.org/wiki/Cincinnati_Reds","08-06",1890,"."
"Tom Burns","http://dbpedia.org/resource/Tom_Burns_(baseball) http://dbpedia.org/resource/Tom_Burns_(baseball) http://dbpedia.org/resource/Tom_Burns_(baseball_player)","?m?k","Brooklyn","https://en.wikipedia.org/wiki/History_of_the_Brooklyn_Dodgers","08-01",1890,"."
"Larry Twitchell","http://dbpedia.org/resource/Larry_Twitchell http://dbpedia.org/resource/Larry_Twitchell","?m?k","Cleveland","http://dbpedia.org/page/Cleveland_Spiders","08-15",1889,"."
"John Glasscock","http://dbpedia.org/resource/Jack_Glasscock http://dbpedia.org/resource/John_Wesley_Glasscock http://dbpedia.org/resource/Jack_Glasscock","?m?k","Indianapolis","http://dbpedia.org/page/St._Louis_Maroons/Indianapolis_Hoosiers","08-08",1889,"."
"Mike Tiernan","http://dbpedia.org/resource/Mike_Tiernan http://dbpedia.org/resource/Mike_Tiernan","?m?k","New York","https://en.wikipedia.org/wiki/History_of_the_New_York_Giants_(baseball)","08-25",1888,"."
"Jimmy Ryan","http://dbpedia.org/resource/Jimmy_Ryan_(baseball) http://dbpedia.org/resource/Jimmy_Ryan_(baseball_player) http://dbpedia.org/resource/Jimmy_Ryan_(baseball)","?m?k","Chicago","http://dbpedia.org/page/History_of_the_Chicago_Cubs","07-28",1888,1
"Fred Carroll","http://dbpedia.org/resource/Fred_Carroll http://dbpedia.org/resource/Fred_Carroll","?m?k","Pittsburgh","http://dbpedia.org/page/Pittsburgh_Pirates","05-02",1887,"."
"John Rowe","http://dbpedia.org/resource/Jack_Rowe http://dbpedia.org/resource/Jack_Rowe","?m?k","Detroit","https://en.wikipedia.org/wiki/Detroit_Wolverines","08-21",1886,"."
"Fred Dunlap","http://dbpedia.org/resource/Fred_Dunlap http://dbpedia.org/resource/Fred_Dunlap http://dbpedia.org/resource/Frederick_C._Dunlap","?m?k","St. Louis","https://en.wikipedia.org/wiki/History_of_the_St._Louis_Browns","05-24",1886,"."
"Bill McQuery","http://dbpedia.org/resource/Mox_McQuery http://dbpedia.org/resource/Mox_McQuery","?m?k","Detroit","https://en.wikipedia.org/wiki/Detroit_Wolverines","09-28",1885,"."
"George Wood","http://dbpedia.org/resource/George_Wood_(baseball) http://dbpedia.org/resource/George_Wood_(baseball_player) http://dbpedia.org/resource/George_Wood_(baseball)","?m?k","Detroit","https://en.wikipedia.org/wiki/Detroit_Wolverines","06-13",1885,"."
"Jim O'Rourke","http://dbpedia.org/resource/Jim_O'Rourke_(baseball) http://dbpedia.org/resource/Jim_O'Rourke_(umpire) http://dbpedia.org/resource/Orator_Jim http://dbpedia.org/resource/James_Henry_O'Rourke http://dbpedia.org/resource/Jim_O'Rourke_(baseball) http://dbpedia.org/resource/James_H._O'Rourke http://dbpedia.org/resource/Jim_O'Rourke_(baseball_player)","?m?k","Buffalo","https://en.wikipedia.org/wiki/Buffalo_Bisons_(NL)","06-16",1884,"."
"Charles Foley","http://dbpedia.org/resource/Curry_Foley http://dbpedia.org/resource/Curry_Foley","?m?k","Buffalo","https://en.wikipedia.org/wiki/Buffalo_Bisons_(NL)","05-25",1882,"."
