"player","player__URI","startYear","team","team__URI","position","position__URI"
"Alan Anderson (basketball)","http://dbpedia.org/resource/Alan_Anderson_(basketball)","2011","Brooklyn Nets","http://dbpedia.org/resource/Brooklyn_Nets","Shooting guard","http://dbpedia.org/resource/Shooting_guard"
"Alan Anderson (basketball)","http://dbpedia.org/resource/Alan_Anderson_(basketball)","2011","Los Angeles Clippers","http://dbpedia.org/resource/Los_Angeles_Clippers","Shooting guard","http://dbpedia.org/resource/Shooting_guard"
"Alan Anderson (basketball)","http://dbpedia.org/resource/Alan_Anderson_(basketball)","2011","Canton Charge","http://dbpedia.org/resource/Canton_Charge","Shooting guard","http://dbpedia.org/resource/Shooting_guard"
"Alan Anderson (basketball)","http://dbpedia.org/resource/Alan_Anderson_(basketball)","2011","Toronto Raptors","http://dbpedia.org/resource/Toronto_Raptors","Shooting guard","http://dbpedia.org/resource/Shooting_guard"
"Alan Anderson (basketball)","http://dbpedia.org/resource/Alan_Anderson_(basketball)","2011","Washington Wizards","http://dbpedia.org/resource/Washington_Wizards","Shooting guard","http://dbpedia.org/resource/Shooting_guard"
"Alan Anderson (basketball)","http://dbpedia.org/resource/Alan_Anderson_(basketball)","2011","Washington Wizards","http://dbpedia.org/resource/Washington_Wizards","Small forward","http://dbpedia.org/resource/Small_forward"
"Alan Anderson (basketball)","http://dbpedia.org/resource/Alan_Anderson_(basketball)","2011","Toronto Raptors","http://dbpedia.org/resource/Toronto_Raptors","Small forward","http://dbpedia.org/resource/Small_forward"
"Alan Anderson (basketball)","http://dbpedia.org/resource/Alan_Anderson_(basketball)","2011","Los Angeles Clippers","http://dbpedia.org/resource/Los_Angeles_Clippers","Small forward","http://dbpedia.org/resource/Small_forward"
"Alan Anderson (basketball)","http://dbpedia.org/resource/Alan_Anderson_(basketball)","2011","Brooklyn Nets","http://dbpedia.org/resource/Brooklyn_Nets","Small forward","http://dbpedia.org/resource/Small_forward"
"Alan Anderson (basketball)","http://dbpedia.org/resource/Alan_Anderson_(basketball)","2011","Canton Charge","http://dbpedia.org/resource/Canton_Charge","Small forward","http://dbpedia.org/resource/Small_forward"
"Alan Anderson (basketball)","http://dbpedia.org/resource/Alan_Anderson_(basketball)","2010","Brooklyn Nets","http://dbpedia.org/resource/Brooklyn_Nets","Shooting guard","http://dbpedia.org/resource/Shooting_guard"
"Alan Anderson (basketball)","http://dbpedia.org/resource/Alan_Anderson_(basketball)","2010","Los Angeles Clippers","http://dbpedia.org/resource/Los_Angeles_Clippers","Shooting guard","http://dbpedia.org/resource/Shooting_guard"
"Alan Anderson (basketball)","http://dbpedia.org/resource/Alan_Anderson_(basketball)","2010","Canton Charge","http://dbpedia.org/resource/Canton_Charge","Shooting guard","http://dbpedia.org/resource/Shooting_guard"
"Alan Anderson (basketball)","http://dbpedia.org/resource/Alan_Anderson_(basketball)","2010","Toronto Raptors","http://dbpedia.org/resource/Toronto_Raptors","Shooting guard","http://dbpedia.org/resource/Shooting_guard"
"Alan Anderson (basketball)","http://dbpedia.org/resource/Alan_Anderson_(basketball)","2010","Washington Wizards","http://dbpedia.org/resource/Washington_Wizards","Shooting guard","http://dbpedia.org/resource/Shooting_guard"
"Alan Anderson (basketball)","http://dbpedia.org/resource/Alan_Anderson_(basketball)","2010","Washington Wizards","http://dbpedia.org/resource/Washington_Wizards","Small forward","http://dbpedia.org/resource/Small_forward"
"Alan Anderson (basketball)","http://dbpedia.org/resource/Alan_Anderson_(basketball)","2010","Toronto Raptors","http://dbpedia.org/resource/Toronto_Raptors","Small forward","http://dbpedia.org/resource/Small_forward"
"Alan Anderson (basketball)","http://dbpedia.org/resource/Alan_Anderson_(basketball)","2010","Los Angeles Clippers","http://dbpedia.org/resource/Los_Angeles_Clippers","Small forward","http://dbpedia.org/resource/Small_forward"
"Alan Anderson (basketball)","http://dbpedia.org/resource/Alan_Anderson_(basketball)","2010","Brooklyn Nets","http://dbpedia.org/resource/Brooklyn_Nets","Small forward","http://dbpedia.org/resource/Small_forward"
"Alan Anderson (basketball)","http://dbpedia.org/resource/Alan_Anderson_(basketball)","2010","Canton Charge","http://dbpedia.org/resource/Canton_Charge","Small forward","http://dbpedia.org/resource/Small_forward"
"Alan Anderson (basketball)","http://dbpedia.org/resource/Alan_Anderson_(basketball)","2009","Brooklyn Nets","http://dbpedia.org/resource/Brooklyn_Nets","Shooting guard","http://dbpedia.org/resource/Shooting_guard"
"Alan Anderson (basketball)","http://dbpedia.org/resource/Alan_Anderson_(basketball)","2009","Los Angeles Clippers","http://dbpedia.org/resource/Los_Angeles_Clippers","Shooting guard","http://dbpedia.org/resource/Shooting_guard"
"Alan Anderson (basketball)","http://dbpedia.org/resource/Alan_Anderson_(basketball)","2009","Canton Charge","http://dbpedia.org/resource/Canton_Charge","Shooting guard","http://dbpedia.org/resource/Shooting_guard"
"Alan Anderson (basketball)","http://dbpedia.org/resource/Alan_Anderson_(basketball)","2009","Toronto Raptors","http://dbpedia.org/resource/Toronto_Raptors","Shooting guard","http://dbpedia.org/resource/Shooting_guard"
"Alan Anderson (basketball)","http://dbpedia.org/resource/Alan_Anderson_(basketball)","2009","Washington Wizards","http://dbpedia.org/resource/Washington_Wizards","Shooting guard","http://dbpedia.org/resource/Shooting_guard"
"Alan Anderson (basketball)","http://dbpedia.org/resource/Alan_Anderson_(basketball)","2009","Washington Wizards","http://dbpedia.org/resource/Washington_Wizards","Small forward","http://dbpedia.org/resource/Small_forward"
"Alan Anderson (basketball)","http://dbpedia.org/resource/Alan_Anderson_(basketball)","2009","Toronto Raptors","http://dbpedia.org/resource/Toronto_Raptors","Small forward","http://dbpedia.org/resource/Small_forward"
"Alan Anderson (basketball)","http://dbpedia.org/resource/Alan_Anderson_(basketball)","2009","Los Angeles Clippers","http://dbpedia.org/resource/Los_Angeles_Clippers","Small forward","http://dbpedia.org/resource/Small_forward"
"Alan Anderson (basketball)","http://dbpedia.org/resource/Alan_Anderson_(basketball)","2009","Brooklyn Nets","http://dbpedia.org/resource/Brooklyn_Nets","Small forward","http://dbpedia.org/resource/Small_forward"
"Alan Anderson (basketball)","http://dbpedia.org/resource/Alan_Anderson_(basketball)","2009","Canton Charge","http://dbpedia.org/resource/Canton_Charge","Small forward","http://dbpedia.org/resource/Small_forward"
"Alan Anderson (basketball)","http://dbpedia.org/resource/Alan_Anderson_(basketball)","2008","Brooklyn Nets","http://dbpedia.org/resource/Brooklyn_Nets","Shooting guard","http://dbpedia.org/resource/Shooting_guard"
"Alan Anderson (basketball)","http://dbpedia.org/resource/Alan_Anderson_(basketball)","2008","Los Angeles Clippers","http://dbpedia.org/resource/Los_Angeles_Clippers","Shooting guard","http://dbpedia.org/resource/Shooting_guard"
"Alan Anderson (basketball)","http://dbpedia.org/resource/Alan_Anderson_(basketball)","2008","Canton Charge","http://dbpedia.org/resource/Canton_Charge","Shooting guard","http://dbpedia.org/resource/Shooting_guard"
"Alan Anderson (basketball)","http://dbpedia.org/resource/Alan_Anderson_(basketball)","2008","Toronto Raptors","http://dbpedia.org/resource/Toronto_Raptors","Shooting guard","http://dbpedia.org/resource/Shooting_guard"
"Alan Anderson (basketball)","http://dbpedia.org/resource/Alan_Anderson_(basketball)","2008","Washington Wizards","http://dbpedia.org/resource/Washington_Wizards","Shooting guard","http://dbpedia.org/resource/Shooting_guard"
"Alan Anderson (basketball)","http://dbpedia.org/resource/Alan_Anderson_(basketball)","2008","Washington Wizards","http://dbpedia.org/resource/Washington_Wizards","Small forward","http://dbpedia.org/resource/Small_forward"
"Alan Anderson (basketball)","http://dbpedia.org/resource/Alan_Anderson_(basketball)","2008","Toronto Raptors","http://dbpedia.org/resource/Toronto_Raptors","Small forward","http://dbpedia.org/resource/Small_forward"
"Alan Anderson (basketball)","http://dbpedia.org/resource/Alan_Anderson_(basketball)","2008","Los Angeles Clippers","http://dbpedia.org/resource/Los_Angeles_Clippers","Small forward","http://dbpedia.org/resource/Small_forward"
"Alan Anderson (basketball)","http://dbpedia.org/resource/Alan_Anderson_(basketball)","2008","Brooklyn Nets","http://dbpedia.org/resource/Brooklyn_Nets","Small forward","http://dbpedia.org/resource/Small_forward"
"Alan Anderson (basketball)","http://dbpedia.org/resource/Alan_Anderson_(basketball)","2008","Canton Charge","http://dbpedia.org/resource/Canton_Charge","Small forward","http://dbpedia.org/resource/Small_forward"
"Alan Anderson (basketball)","http://dbpedia.org/resource/Alan_Anderson_(basketball)","2007","Brooklyn Nets","http://dbpedia.org/resource/Brooklyn_Nets","Shooting guard","http://dbpedia.org/resource/Shooting_guard"
"Alan Anderson (basketball)","http://dbpedia.org/resource/Alan_Anderson_(basketball)","2007","Los Angeles Clippers","http://dbpedia.org/resource/Los_Angeles_Clippers","Shooting guard","http://dbpedia.org/resource/Shooting_guard"
"Alan Anderson (basketball)","http://dbpedia.org/resource/Alan_Anderson_(basketball)","2007","Canton Charge","http://dbpedia.org/resource/Canton_Charge","Shooting guard","http://dbpedia.org/resource/Shooting_guard"
"Alan Anderson (basketball)","http://dbpedia.org/resource/Alan_Anderson_(basketball)","2007","Toronto Raptors","http://dbpedia.org/resource/Toronto_Raptors","Shooting guard","http://dbpedia.org/resource/Shooting_guard"
"Alan Anderson (basketball)","http://dbpedia.org/resource/Alan_Anderson_(basketball)","2007","Washington Wizards","http://dbpedia.org/resource/Washington_Wizards","Shooting guard","http://dbpedia.org/resource/Shooting_guard"
"Alan Anderson (basketball)","http://dbpedia.org/resource/Alan_Anderson_(basketball)","2007","Washington Wizards","http://dbpedia.org/resource/Washington_Wizards","Small forward","http://dbpedia.org/resource/Small_forward"
"Alan Anderson (basketball)","http://dbpedia.org/resource/Alan_Anderson_(basketball)","2007","Toronto Raptors","http://dbpedia.org/resource/Toronto_Raptors","Small forward","http://dbpedia.org/resource/Small_forward"
"Alan Anderson (basketball)","http://dbpedia.org/resource/Alan_Anderson_(basketball)","2007","Los Angeles Clippers","http://dbpedia.org/resource/Los_Angeles_Clippers","Small forward","http://dbpedia.org/resource/Small_forward"
"Alan Anderson (basketball)","http://dbpedia.org/resource/Alan_Anderson_(basketball)","2007","Brooklyn Nets","http://dbpedia.org/resource/Brooklyn_Nets","Small forward","http://dbpedia.org/resource/Small_forward"
"Alan Anderson (basketball)","http://dbpedia.org/resource/Alan_Anderson_(basketball)","2007","Canton Charge","http://dbpedia.org/resource/Canton_Charge","Small forward","http://dbpedia.org/resource/Small_forward"
"Alan Anderson (basketball)","http://dbpedia.org/resource/Alan_Anderson_(basketball)","2006","Brooklyn Nets","http://dbpedia.org/resource/Brooklyn_Nets","Shooting guard","http://dbpedia.org/resource/Shooting_guard"
"Alan Anderson (basketball)","http://dbpedia.org/resource/Alan_Anderson_(basketball)","2006","Los Angeles Clippers","http://dbpedia.org/resource/Los_Angeles_Clippers","Shooting guard","http://dbpedia.org/resource/Shooting_guard"
"Alan Anderson (basketball)","http://dbpedia.org/resource/Alan_Anderson_(basketball)","2006","Canton Charge","http://dbpedia.org/resource/Canton_Charge","Shooting guard","http://dbpedia.org/resource/Shooting_guard"
"Alan Anderson (basketball)","http://dbpedia.org/resource/Alan_Anderson_(basketball)","2006","Toronto Raptors","http://dbpedia.org/resource/Toronto_Raptors","Shooting guard","http://dbpedia.org/resource/Shooting_guard"
"Alan Anderson (basketball)","http://dbpedia.org/resource/Alan_Anderson_(basketball)","2006","Washington Wizards","http://dbpedia.org/resource/Washington_Wizards","Shooting guard","http://dbpedia.org/resource/Shooting_guard"
"Alan Anderson (basketball)","http://dbpedia.org/resource/Alan_Anderson_(basketball)","2006","Washington Wizards","http://dbpedia.org/resource/Washington_Wizards","Small forward","http://dbpedia.org/resource/Small_forward"
"Alan Anderson (basketball)","http://dbpedia.org/resource/Alan_Anderson_(basketball)","2006","Toronto Raptors","http://dbpedia.org/resource/Toronto_Raptors","Small forward","http://dbpedia.org/resource/Small_forward"
"Alan Anderson (basketball)","http://dbpedia.org/resource/Alan_Anderson_(basketball)","2006","Los Angeles Clippers","http://dbpedia.org/resource/Los_Angeles_Clippers","Small forward","http://dbpedia.org/resource/Small_forward"
"Alan Anderson (basketball)","http://dbpedia.org/resource/Alan_Anderson_(basketball)","2006","Brooklyn Nets","http://dbpedia.org/resource/Brooklyn_Nets","Small forward","http://dbpedia.org/resource/Small_forward"
"Alan Anderson (basketball)","http://dbpedia.org/resource/Alan_Anderson_(basketball)","2006","Canton Charge","http://dbpedia.org/resource/Canton_Charge","Small forward","http://dbpedia.org/resource/Small_forward"
"Alan Anderson (basketball)","http://dbpedia.org/resource/Alan_Anderson_(basketball)","2005","Brooklyn Nets","http://dbpedia.org/resource/Brooklyn_Nets","Shooting guard","http://dbpedia.org/resource/Shooting_guard"
"Alan Anderson (basketball)","http://dbpedia.org/resource/Alan_Anderson_(basketball)","2005","Los Angeles Clippers","http://dbpedia.org/resource/Los_Angeles_Clippers","Shooting guard","http://dbpedia.org/resource/Shooting_guard"
"Alan Anderson (basketball)","http://dbpedia.org/resource/Alan_Anderson_(basketball)","2005","Canton Charge","http://dbpedia.org/resource/Canton_Charge","Shooting guard","http://dbpedia.org/resource/Shooting_guard"
"Alan Anderson (basketball)","http://dbpedia.org/resource/Alan_Anderson_(basketball)","2005","Toronto Raptors","http://dbpedia.org/resource/Toronto_Raptors","Shooting guard","http://dbpedia.org/resource/Shooting_guard"
"Alan Anderson (basketball)","http://dbpedia.org/resource/Alan_Anderson_(basketball)","2005","Washington Wizards","http://dbpedia.org/resource/Washington_Wizards","Shooting guard","http://dbpedia.org/resource/Shooting_guard"
"Alan Anderson (basketball)","http://dbpedia.org/resource/Alan_Anderson_(basketball)","2005","Washington Wizards","http://dbpedia.org/resource/Washington_Wizards","Small forward","http://dbpedia.org/resource/Small_forward"
"Alan Anderson (basketball)","http://dbpedia.org/resource/Alan_Anderson_(basketball)","2005","Toronto Raptors","http://dbpedia.org/resource/Toronto_Raptors","Small forward","http://dbpedia.org/resource/Small_forward"
"Alan Anderson (basketball)","http://dbpedia.org/resource/Alan_Anderson_(basketball)","2005","Los Angeles Clippers","http://dbpedia.org/resource/Los_Angeles_Clippers","Small forward","http://dbpedia.org/resource/Small_forward"
"Alan Anderson (basketball)","http://dbpedia.org/resource/Alan_Anderson_(basketball)","2005","Brooklyn Nets","http://dbpedia.org/resource/Brooklyn_Nets","Small forward","http://dbpedia.org/resource/Small_forward"
"Alan Anderson (basketball)","http://dbpedia.org/resource/Alan_Anderson_(basketball)","2005","Canton Charge","http://dbpedia.org/resource/Canton_Charge","Small forward","http://dbpedia.org/resource/Small_forward"
"Allen Crabbe","http://dbpedia.org/resource/Allen_Crabbe","2014","Portland Trail Blazers","http://dbpedia.org/resource/Portland_Trail_Blazers","Shooting guard","http://dbpedia.org/resource/Shooting_guard"
"Allen Crabbe","http://dbpedia.org/resource/Allen_Crabbe","2013","Portland Trail Blazers","http://dbpedia.org/resource/Portland_Trail_Blazers","Shooting guard","http://dbpedia.org/resource/Shooting_guard"
"Anthony Morrow","http://dbpedia.org/resource/Anthony_Morrow","2014","Oklahoma City Thunder","http://dbpedia.org/resource/Oklahoma_City_Thunder","Shooting guard","http://dbpedia.org/resource/Shooting_guard"
"Anthony Morrow","http://dbpedia.org/resource/Anthony_Morrow","2013","Oklahoma City Thunder","http://dbpedia.org/resource/Oklahoma_City_Thunder","Shooting guard","http://dbpedia.org/resource/Shooting_guard"
"Anthony Morrow","http://dbpedia.org/resource/Anthony_Morrow","2012","Oklahoma City Thunder","http://dbpedia.org/resource/Oklahoma_City_Thunder","Shooting guard","http://dbpedia.org/resource/Shooting_guard"
"Anthony Morrow","http://dbpedia.org/resource/Anthony_Morrow","2010","Oklahoma City Thunder","http://dbpedia.org/resource/Oklahoma_City_Thunder","Shooting guard","http://dbpedia.org/resource/Shooting_guard"
"Anthony Morrow","http://dbpedia.org/resource/Anthony_Morrow","2008","Oklahoma City Thunder","http://dbpedia.org/resource/Oklahoma_City_Thunder","Shooting guard","http://dbpedia.org/resource/Shooting_guard"
"Arinze Onuaku","http://dbpedia.org/resource/Arinze_Onuaku","2014","Maccabi Tel Aviv B.C.","http://dbpedia.org/resource/Maccabi_Tel_Aviv_B.C.","Center (basketball)","http://dbpedia.org/resource/Center_(basketball)"
"Arinze Onuaku","http://dbpedia.org/resource/Arinze_Onuaku","2014","Orlando Magic","http://dbpedia.org/resource/Orlando_Magic","Center (basketball)","http://dbpedia.org/resource/Center_(basketball)"
"Arinze Onuaku","http://dbpedia.org/resource/Arinze_Onuaku","2014","Minnesota Timberwolves","http://dbpedia.org/resource/Minnesota_Timberwolves","Center (basketball)","http://dbpedia.org/resource/Center_(basketball)"
"Arinze Onuaku","http://dbpedia.org/resource/Arinze_Onuaku","2013","Maccabi Tel Aviv B.C.","http://dbpedia.org/resource/Maccabi_Tel_Aviv_B.C.","Center (basketball)","http://dbpedia.org/resource/Center_(basketball)"
"Arinze Onuaku","http://dbpedia.org/resource/Arinze_Onuaku","2013","Orlando Magic","http://dbpedia.org/resource/Orlando_Magic","Center (basketball)","http://dbpedia.org/resource/Center_(basketball)"
"Arinze Onuaku","http://dbpedia.org/resource/Arinze_Onuaku","2013","Minnesota Timberwolves","http://dbpedia.org/resource/Minnesota_Timberwolves","Center (basketball)","http://dbpedia.org/resource/Center_(basketball)"
"Arinze Onuaku","http://dbpedia.org/resource/Arinze_Onuaku","2012","Maccabi Tel Aviv B.C.","http://dbpedia.org/resource/Maccabi_Tel_Aviv_B.C.","Center (basketball)","http://dbpedia.org/resource/Center_(basketball)"
"Arinze Onuaku","http://dbpedia.org/resource/Arinze_Onuaku","2012","Orlando Magic","http://dbpedia.org/resource/Orlando_Magic","Center (basketball)","http://dbpedia.org/resource/Center_(basketball)"
"Arinze Onuaku","http://dbpedia.org/resource/Arinze_Onuaku","2012","Minnesota Timberwolves","http://dbpedia.org/resource/Minnesota_Timberwolves","Center (basketball)","http://dbpedia.org/resource/Center_(basketball)"
"Arinze Onuaku","http://dbpedia.org/resource/Arinze_Onuaku","2011","Maccabi Tel Aviv B.C.","http://dbpedia.org/resource/Maccabi_Tel_Aviv_B.C.","Center (basketball)","http://dbpedia.org/resource/Center_(basketball)"
"Arinze Onuaku","http://dbpedia.org/resource/Arinze_Onuaku","2011","Orlando Magic","http://dbpedia.org/resource/Orlando_Magic","Center (basketball)","http://dbpedia.org/resource/Center_(basketball)"
"Arinze Onuaku","http://dbpedia.org/resource/Arinze_Onuaku","2011","Minnesota Timberwolves","http://dbpedia.org/resource/Minnesota_Timberwolves","Center (basketball)","http://dbpedia.org/resource/Center_(basketball)"
"Ben Bentil","http://dbpedia.org/resource/Ben_Bentil","2016","Boston Celtics","http://dbpedia.org/resource/Boston_Celtics","Power forward (basketball)","http://dbpedia.org/resource/Power_forward_(basketball)"
"Bryn Forbes","http://dbpedia.org/resource/Bryn_Forbes","2016","San Antonio Spurs","http://dbpedia.org/resource/San_Antonio_Spurs","Guard (basketball)","http://dbpedia.org/resource/Guard_(basketball)"
"Cheick Diallo","http://dbpedia.org/resource/Cheick_Diallo","2016","New Orleans Pelicans","http://dbpedia.org/resource/New_Orleans_Pelicans","Power forward (basketball)","http://dbpedia.org/resource/Power_forward_(basketball)"
"Cheick Diallo","http://dbpedia.org/resource/Cheick_Diallo","2016","New Orleans Pelicans","http://dbpedia.org/resource/New_Orleans_Pelicans","Center (basketball)","http://dbpedia.org/resource/Center_(basketball)"
"Chris Quinn","http://dbpedia.org/resource/Chris_Quinn","2012","Miami Heat","http://dbpedia.org/resource/Miami_Heat","Assistant coach","http://dbpedia.org/resource/Assistant_coach"
"Chris Quinn","http://dbpedia.org/resource/Chris_Quinn","2011","Miami Heat","http://dbpedia.org/resource/Miami_Heat","Assistant coach","http://dbpedia.org/resource/Assistant_coach"
"Chris Quinn","http://dbpedia.org/resource/Chris_Quinn","2010","Miami Heat","http://dbpedia.org/resource/Miami_Heat","Assistant coach","http://dbpedia.org/resource/Assistant_coach"
"Chris Quinn","http://dbpedia.org/resource/Chris_Quinn","2009","Miami Heat","http://dbpedia.org/resource/Miami_Heat","Assistant coach","http://dbpedia.org/resource/Assistant_coach"
"Chris Quinn","http://dbpedia.org/resource/Chris_Quinn","2006","Miami Heat","http://dbpedia.org/resource/Miami_Heat","Assistant coach","http://dbpedia.org/resource/Assistant_coach"
"Christian Wood","http://dbpedia.org/resource/Christian_Wood","2016","Charlotte Hornets","http://dbpedia.org/resource/Charlotte_Hornets","Power forward (basketball)","http://dbpedia.org/resource/Power_forward_(basketball)"
"Christian Wood","http://dbpedia.org/resource/Christian_Wood","2015","Charlotte Hornets","http://dbpedia.org/resource/Charlotte_Hornets","Power forward (basketball)","http://dbpedia.org/resource/Power_forward_(basketball)"
"Damion Lee","http://dbpedia.org/resource/Damion_Lee","2016","Boston Celtics","http://dbpedia.org/resource/Boston_Celtics","Shooting guard","http://dbpedia.org/resource/Shooting_guard"
"Damjan Rudež","http://dbpedia.org/resource/Damjan_Rudež","2016","Orlando Magic","http://dbpedia.org/resource/Orlando_Magic","Forward (basketball)","http://dbpedia.org/resource/Forward_(basketball)"
"Damjan Rudež","http://dbpedia.org/resource/Damjan_Rudež","2015","Orlando Magic","http://dbpedia.org/resource/Orlando_Magic","Forward (basketball)","http://dbpedia.org/resource/Forward_(basketball)"
"Damjan Rudež","http://dbpedia.org/resource/Damjan_Rudež","2014","Orlando Magic","http://dbpedia.org/resource/Orlando_Magic","Forward (basketball)","http://dbpedia.org/resource/Forward_(basketball)"
"Damjan Rudež","http://dbpedia.org/resource/Damjan_Rudež","2012","Orlando Magic","http://dbpedia.org/resource/Orlando_Magic","Forward (basketball)","http://dbpedia.org/resource/Forward_(basketball)"
"Damjan Rudež","http://dbpedia.org/resource/Damjan_Rudež","2011","Orlando Magic","http://dbpedia.org/resource/Orlando_Magic","Forward (basketball)","http://dbpedia.org/resource/Forward_(basketball)"
"Damjan Rudež","http://dbpedia.org/resource/Damjan_Rudež","2009","Orlando Magic","http://dbpedia.org/resource/Orlando_Magic","Forward (basketball)","http://dbpedia.org/resource/Forward_(basketball)"
"Damjan Rudež","http://dbpedia.org/resource/Damjan_Rudež","2008","Orlando Magic","http://dbpedia.org/resource/Orlando_Magic","Forward (basketball)","http://dbpedia.org/resource/Forward_(basketball)"
"Damjan Rudež","http://dbpedia.org/resource/Damjan_Rudež","2006","Orlando Magic","http://dbpedia.org/resource/Orlando_Magic","Forward (basketball)","http://dbpedia.org/resource/Forward_(basketball)"
"Damjan Rudež","http://dbpedia.org/resource/Damjan_Rudež","2004","Orlando Magic","http://dbpedia.org/resource/Orlando_Magic","Forward (basketball)","http://dbpedia.org/resource/Forward_(basketball)"
"Damjan Rudež","http://dbpedia.org/resource/Damjan_Rudež","2002","Orlando Magic","http://dbpedia.org/resource/Orlando_Magic","Forward (basketball)","http://dbpedia.org/resource/Forward_(basketball)"
"Danilo Gallinari","http://dbpedia.org/resource/Danilo_Gallinari","2011","Denver Nuggets","http://dbpedia.org/resource/Denver_Nuggets","Power forward (basketball)","http://dbpedia.org/resource/Power_forward_(basketball)"
"Danilo Gallinari","http://dbpedia.org/resource/Danilo_Gallinari","2011","Denver Nuggets","http://dbpedia.org/resource/Denver_Nuggets","Small forward","http://dbpedia.org/resource/Small_forward"
"Danilo Gallinari","http://dbpedia.org/resource/Danilo_Gallinari","2010","Denver Nuggets","http://dbpedia.org/resource/Denver_Nuggets","Power forward (basketball)","http://dbpedia.org/resource/Power_forward_(basketball)"
"Danilo Gallinari","http://dbpedia.org/resource/Danilo_Gallinari","2010","Denver Nuggets","http://dbpedia.org/resource/Denver_Nuggets","Small forward","http://dbpedia.org/resource/Small_forward"
"Danilo Gallinari","http://dbpedia.org/resource/Danilo_Gallinari","2008","Denver Nuggets","http://dbpedia.org/resource/Denver_Nuggets","Power forward (basketball)","http://dbpedia.org/resource/Power_forward_(basketball)"
"Danilo Gallinari","http://dbpedia.org/resource/Danilo_Gallinari","2008","Denver Nuggets","http://dbpedia.org/resource/Denver_Nuggets","Small forward","http://dbpedia.org/resource/Small_forward"
"Danilo Gallinari","http://dbpedia.org/resource/Danilo_Gallinari","2006","Denver Nuggets","http://dbpedia.org/resource/Denver_Nuggets","Power forward (basketball)","http://dbpedia.org/resource/Power_forward_(basketball)"
"Danilo Gallinari","http://dbpedia.org/resource/Danilo_Gallinari","2006","Denver Nuggets","http://dbpedia.org/resource/Denver_Nuggets","Small forward","http://dbpedia.org/resource/Small_forward"
"Danilo Gallinari","http://dbpedia.org/resource/Danilo_Gallinari","2005","Denver Nuggets","http://dbpedia.org/resource/Denver_Nuggets","Power forward (basketball)","http://dbpedia.org/resource/Power_forward_(basketball)"
"Danilo Gallinari","http://dbpedia.org/resource/Danilo_Gallinari","2005","Denver Nuggets","http://dbpedia.org/resource/Denver_Nuggets","Small forward","http://dbpedia.org/resource/Small_forward"
"Danilo Gallinari","http://dbpedia.org/resource/Danilo_Gallinari","2004","Denver Nuggets","http://dbpedia.org/resource/Denver_Nuggets","Power forward (basketball)","http://dbpedia.org/resource/Power_forward_(basketball)"
"Danilo Gallinari","http://dbpedia.org/resource/Danilo_Gallinari","2004","Denver Nuggets","http://dbpedia.org/resource/Denver_Nuggets","Small forward","http://dbpedia.org/resource/Small_forward"
"Dario Šarić","http://dbpedia.org/resource/Dario_Šarić","2016","Philadelphia 76ers","http://dbpedia.org/resource/Philadelphia_76ers","Power forward (basketball)","http://dbpedia.org/resource/Power_forward_(basketball)"
"Dario Šarić","http://dbpedia.org/resource/Dario_Šarić","2014","Philadelphia 76ers","http://dbpedia.org/resource/Philadelphia_76ers","Power forward (basketball)","http://dbpedia.org/resource/Power_forward_(basketball)"
"Dario Šarić","http://dbpedia.org/resource/Dario_Šarić","2012","Philadelphia 76ers","http://dbpedia.org/resource/Philadelphia_76ers","Power forward (basketball)","http://dbpedia.org/resource/Power_forward_(basketball)"
"Dario Šarić","http://dbpedia.org/resource/Dario_Šarić","2011","Philadelphia 76ers","http://dbpedia.org/resource/Philadelphia_76ers","Power forward (basketball)","http://dbpedia.org/resource/Power_forward_(basketball)"
"Dario Šarić","http://dbpedia.org/resource/Dario_Šarić","2010","Philadelphia 76ers","http://dbpedia.org/resource/Philadelphia_76ers","Power forward (basketball)","http://dbpedia.org/resource/Power_forward_(basketball)"
"Dario Šarić","http://dbpedia.org/resource/Dario_Šarić","2009","Philadelphia 76ers","http://dbpedia.org/resource/Philadelphia_76ers","Power forward (basketball)","http://dbpedia.org/resource/Power_forward_(basketball)"
"DeAndre' Bembry","http://dbpedia.org/resource/DeAndre'_Bembry","2016","Atlanta Hawks","http://dbpedia.org/resource/Atlanta_Hawks","Small forward","http://dbpedia.org/resource/Small_forward"
"DeMar DeRozan","http://dbpedia.org/resource/DeMar_DeRozan","2009","Toronto Raptors","http://dbpedia.org/resource/Toronto_Raptors","Shooting guard","http://dbpedia.org/resource/Shooting_guard"
"Demetrius Jackson","http://dbpedia.org/resource/Demetrius_Jackson","2016","Boston Celtics","http://dbpedia.org/resource/Boston_Celtics","Point guard","http://dbpedia.org/resource/Point_guard"
"Denzel Valentine","http://dbpedia.org/resource/Denzel_Valentine","2016","Chicago Bulls","http://dbpedia.org/resource/Chicago_Bulls","Shooting guard","http://dbpedia.org/resource/Shooting_guard"
"Diamond Stone","http://dbpedia.org/resource/Diamond_Stone","2016","Los Angeles Clippers","http://dbpedia.org/resource/Los_Angeles_Clippers","Center (basketball)","http://dbpedia.org/resource/Center_(basketball)"
"Fred Hoiberg","http://dbpedia.org/resource/Fred_Hoiberg","2003","Chicago Bulls","http://dbpedia.org/resource/Chicago_Bulls","Head coach","http://dbpedia.org/resource/Head_coach"
"Fred Hoiberg","http://dbpedia.org/resource/Fred_Hoiberg","1999","Chicago Bulls","http://dbpedia.org/resource/Chicago_Bulls","Head coach","http://dbpedia.org/resource/Head_coach"
"Fred Hoiberg","http://dbpedia.org/resource/Fred_Hoiberg","1995","Chicago Bulls","http://dbpedia.org/resource/Chicago_Bulls","Head coach","http://dbpedia.org/resource/Head_coach"
"George Hill (basketball)","http://dbpedia.org/resource/George_Hill_(basketball)","2016","Utah Jazz","http://dbpedia.org/resource/Utah_Jazz","Point guard","http://dbpedia.org/resource/Point_guard"
"George Hill (basketball)","http://dbpedia.org/resource/George_Hill_(basketball)","2011","Utah Jazz","http://dbpedia.org/resource/Utah_Jazz","Point guard","http://dbpedia.org/resource/Point_guard"
"George Hill (basketball)","http://dbpedia.org/resource/George_Hill_(basketball)","2008","Utah Jazz","http://dbpedia.org/resource/Utah_Jazz","Point guard","http://dbpedia.org/resource/Point_guard"
"Ish Smith","http://dbpedia.org/resource/Ish_Smith","2015","Detroit Pistons","http://dbpedia.org/resource/Detroit_Pistons","Point guard","http://dbpedia.org/resource/Point_guard"
"Ish Smith","http://dbpedia.org/resource/Ish_Smith","2014","Detroit Pistons","http://dbpedia.org/resource/Detroit_Pistons","Point guard","http://dbpedia.org/resource/Point_guard"
"Ish Smith","http://dbpedia.org/resource/Ish_Smith","2013","Detroit Pistons","http://dbpedia.org/resource/Detroit_Pistons","Point guard","http://dbpedia.org/resource/Point_guard"
"Ish Smith","http://dbpedia.org/resource/Ish_Smith","2012","Detroit Pistons","http://dbpedia.org/resource/Detroit_Pistons","Point guard","http://dbpedia.org/resource/Point_guard"
"Ish Smith","http://dbpedia.org/resource/Ish_Smith","2011","Detroit Pistons","http://dbpedia.org/resource/Detroit_Pistons","Point guard","http://dbpedia.org/resource/Point_guard"
"Ish Smith","http://dbpedia.org/resource/Ish_Smith","2010","Detroit Pistons","http://dbpedia.org/resource/Detroit_Pistons","Point guard","http://dbpedia.org/resource/Point_guard"
"J. J. Redick","http://dbpedia.org/resource/J._J._Redick","2013","Los Angeles Clippers","http://dbpedia.org/resource/Los_Angeles_Clippers","Shooting guard","http://dbpedia.org/resource/Shooting_guard"
"J. J. Redick","http://dbpedia.org/resource/J._J._Redick","2012","Los Angeles Clippers","http://dbpedia.org/resource/Los_Angeles_Clippers","Shooting guard","http://dbpedia.org/resource/Shooting_guard"
"J. J. Redick","http://dbpedia.org/resource/J._J._Redick","2006","Los Angeles Clippers","http://dbpedia.org/resource/Los_Angeles_Clippers","Shooting guard","http://dbpedia.org/resource/Shooting_guard"
"Jalen Jones","http://dbpedia.org/resource/Jalen_Jones","2016","Boston Celtics","http://dbpedia.org/resource/Boston_Celtics","Small forward","http://dbpedia.org/resource/Small_forward"
"Jamal Crawford","http://dbpedia.org/resource/Jamal_Crawford","2012","Los Angeles Clippers","http://dbpedia.org/resource/Los_Angeles_Clippers","Shooting guard","http://dbpedia.org/resource/Shooting_guard"
"Jamal Crawford","http://dbpedia.org/resource/Jamal_Crawford","2012","Los Angeles Clippers","http://dbpedia.org/resource/Los_Angeles_Clippers","Point guard","http://dbpedia.org/resource/Point_guard"
"Jamal Crawford","http://dbpedia.org/resource/Jamal_Crawford","2011","Los Angeles Clippers","http://dbpedia.org/resource/Los_Angeles_Clippers","Shooting guard","http://dbpedia.org/resource/Shooting_guard"
"Jamal Crawford","http://dbpedia.org/resource/Jamal_Crawford","2011","Los Angeles Clippers","http://dbpedia.org/resource/Los_Angeles_Clippers","Point guard","http://dbpedia.org/resource/Point_guard"
"Jamal Crawford","http://dbpedia.org/resource/Jamal_Crawford","2009","Los Angeles Clippers","http://dbpedia.org/resource/Los_Angeles_Clippers","Shooting guard","http://dbpedia.org/resource/Shooting_guard"
"Jamal Crawford","http://dbpedia.org/resource/Jamal_Crawford","2009","Los Angeles Clippers","http://dbpedia.org/resource/Los_Angeles_Clippers","Point guard","http://dbpedia.org/resource/Point_guard"
"Jamal Crawford","http://dbpedia.org/resource/Jamal_Crawford","2008","Los Angeles Clippers","http://dbpedia.org/resource/Los_Angeles_Clippers","Shooting guard","http://dbpedia.org/resource/Shooting_guard"
"Jamal Crawford","http://dbpedia.org/resource/Jamal_Crawford","2008","Los Angeles Clippers","http://dbpedia.org/resource/Los_Angeles_Clippers","Point guard","http://dbpedia.org/resource/Point_guard"
"Jamal Crawford","http://dbpedia.org/resource/Jamal_Crawford","2004","Los Angeles Clippers","http://dbpedia.org/resource/Los_Angeles_Clippers","Shooting guard","http://dbpedia.org/resource/Shooting_guard"
"Jamal Crawford","http://dbpedia.org/resource/Jamal_Crawford","2004","Los Angeles Clippers","http://dbpedia.org/resource/Los_Angeles_Clippers","Point guard","http://dbpedia.org/resource/Point_guard"
"Jamal Crawford","http://dbpedia.org/resource/Jamal_Crawford","2000","Los Angeles Clippers","http://dbpedia.org/resource/Los_Angeles_Clippers","Shooting guard","http://dbpedia.org/resource/Shooting_guard"
"Jamal Crawford","http://dbpedia.org/resource/Jamal_Crawford","2000","Los Angeles Clippers","http://dbpedia.org/resource/Los_Angeles_Clippers","Point guard","http://dbpedia.org/resource/Point_guard"
"Jamal Murray","http://dbpedia.org/resource/Jamal_Murray","2016","Denver Nuggets","http://dbpedia.org/resource/Denver_Nuggets","Shooting guard","http://dbpedia.org/resource/Shooting_guard"
"Jamal Murray","http://dbpedia.org/resource/Jamal_Murray","2016","Denver Nuggets","http://dbpedia.org/resource/Denver_Nuggets","Point guard","http://dbpedia.org/resource/Point_guard"
"James Johnson (basketball, born 1987)","http://dbpedia.org/resource/James_Johnson_(basketball,_born_1987)","2016","Miami Heat","http://dbpedia.org/resource/Miami_Heat","Power forward (basketball)","http://dbpedia.org/resource/Power_forward_(basketball)"
"James Johnson (basketball, born 1987)","http://dbpedia.org/resource/James_Johnson_(basketball,_born_1987)","2016","Miami Heat","http://dbpedia.org/resource/Miami_Heat","Small forward","http://dbpedia.org/resource/Small_forward"
"James Johnson (basketball, born 1987)","http://dbpedia.org/resource/James_Johnson_(basketball,_born_1987)","2014","Miami Heat","http://dbpedia.org/resource/Miami_Heat","Power forward (basketball)","http://dbpedia.org/resource/Power_forward_(basketball)"
"James Johnson (basketball, born 1987)","http://dbpedia.org/resource/James_Johnson_(basketball,_born_1987)","2014","Miami Heat","http://dbpedia.org/resource/Miami_Heat","Small forward","http://dbpedia.org/resource/Small_forward"
"James Johnson (basketball, born 1987)","http://dbpedia.org/resource/James_Johnson_(basketball,_born_1987)","2013","Miami Heat","http://dbpedia.org/resource/Miami_Heat","Power forward (basketball)","http://dbpedia.org/resource/Power_forward_(basketball)"
"James Johnson (basketball, born 1987)","http://dbpedia.org/resource/James_Johnson_(basketball,_born_1987)","2013","Miami Heat","http://dbpedia.org/resource/Miami_Heat","Small forward","http://dbpedia.org/resource/Small_forward"
"James Johnson (basketball, born 1987)","http://dbpedia.org/resource/James_Johnson_(basketball,_born_1987)","2012","Miami Heat","http://dbpedia.org/resource/Miami_Heat","Power forward (basketball)","http://dbpedia.org/resource/Power_forward_(basketball)"
"James Johnson (basketball, born 1987)","http://dbpedia.org/resource/James_Johnson_(basketball,_born_1987)","2012","Miami Heat","http://dbpedia.org/resource/Miami_Heat","Small forward","http://dbpedia.org/resource/Small_forward"
"James Johnson (basketball, born 1987)","http://dbpedia.org/resource/James_Johnson_(basketball,_born_1987)","2011","Miami Heat","http://dbpedia.org/resource/Miami_Heat","Power forward (basketball)","http://dbpedia.org/resource/Power_forward_(basketball)"
"James Johnson (basketball, born 1987)","http://dbpedia.org/resource/James_Johnson_(basketball,_born_1987)","2011","Miami Heat","http://dbpedia.org/resource/Miami_Heat","Small forward","http://dbpedia.org/resource/Small_forward"
"James Johnson (basketball, born 1987)","http://dbpedia.org/resource/James_Johnson_(basketball,_born_1987)","2010","Miami Heat","http://dbpedia.org/resource/Miami_Heat","Power forward (basketball)","http://dbpedia.org/resource/Power_forward_(basketball)"
"James Johnson (basketball, born 1987)","http://dbpedia.org/resource/James_Johnson_(basketball,_born_1987)","2010","Miami Heat","http://dbpedia.org/resource/Miami_Heat","Small forward","http://dbpedia.org/resource/Small_forward"
"James Johnson (basketball, born 1987)","http://dbpedia.org/resource/James_Johnson_(basketball,_born_1987)","2009","Miami Heat","http://dbpedia.org/resource/Miami_Heat","Power forward (basketball)","http://dbpedia.org/resource/Power_forward_(basketball)"
"James Johnson (basketball, born 1987)","http://dbpedia.org/resource/James_Johnson_(basketball,_born_1987)","2009","Miami Heat","http://dbpedia.org/resource/Miami_Heat","Small forward","http://dbpedia.org/resource/Small_forward"
"James Jones (basketball player)","http://dbpedia.org/resource/James_Jones_(basketball_player)","2014","Cleveland Cavaliers","http://dbpedia.org/resource/Cleveland_Cavaliers","Shooting guard","http://dbpedia.org/resource/Shooting_guard"
"James Jones (basketball player)","http://dbpedia.org/resource/James_Jones_(basketball_player)","2014","Cleveland Cavaliers","http://dbpedia.org/resource/Cleveland_Cavaliers","Small forward","http://dbpedia.org/resource/Small_forward"
"James Jones (basketball player)","http://dbpedia.org/resource/James_Jones_(basketball_player)","2008","Cleveland Cavaliers","http://dbpedia.org/resource/Cleveland_Cavaliers","Shooting guard","http://dbpedia.org/resource/Shooting_guard"
"James Jones (basketball player)","http://dbpedia.org/resource/James_Jones_(basketball_player)","2008","Cleveland Cavaliers","http://dbpedia.org/resource/Cleveland_Cavaliers","Small forward","http://dbpedia.org/resource/Small_forward"
"James Jones (basketball player)","http://dbpedia.org/resource/James_Jones_(basketball_player)","2007","Cleveland Cavaliers","http://dbpedia.org/resource/Cleveland_Cavaliers","Shooting guard","http://dbpedia.org/resource/Shooting_guard"
"James Jones (basketball player)","http://dbpedia.org/resource/James_Jones_(basketball_player)","2007","Cleveland Cavaliers","http://dbpedia.org/resource/Cleveland_Cavaliers","Small forward","http://dbpedia.org/resource/Small_forward"
"James Jones (basketball player)","http://dbpedia.org/resource/James_Jones_(basketball_player)","2005","Cleveland Cavaliers","http://dbpedia.org/resource/Cleveland_Cavaliers","Shooting guard","http://dbpedia.org/resource/Shooting_guard"
"James Jones (basketball player)","http://dbpedia.org/resource/James_Jones_(basketball_player)","2005","Cleveland Cavaliers","http://dbpedia.org/resource/Cleveland_Cavaliers","Small forward","http://dbpedia.org/resource/Small_forward"
"James Jones (basketball player)","http://dbpedia.org/resource/James_Jones_(basketball_player)","2003","Cleveland Cavaliers","http://dbpedia.org/resource/Cleveland_Cavaliers","Shooting guard","http://dbpedia.org/resource/Shooting_guard"
"James Jones (basketball player)","http://dbpedia.org/resource/James_Jones_(basketball_player)","2003","Cleveland Cavaliers","http://dbpedia.org/resource/Cleveland_Cavaliers","Small forward","http://dbpedia.org/resource/Small_forward"
"Jared Dudley","http://dbpedia.org/resource/Jared_Dudley","2016","Phoenix Suns","http://dbpedia.org/resource/Phoenix_Suns","Power forward (basketball)","http://dbpedia.org/resource/Power_forward_(basketball)"
"Jared Dudley","http://dbpedia.org/resource/Jared_Dudley","2016","Phoenix Suns","http://dbpedia.org/resource/Phoenix_Suns","Small forward","http://dbpedia.org/resource/Small_forward"
"Jared Dudley","http://dbpedia.org/resource/Jared_Dudley","2015","Phoenix Suns","http://dbpedia.org/resource/Phoenix_Suns","Power forward (basketball)","http://dbpedia.org/resource/Power_forward_(basketball)"
"Jared Dudley","http://dbpedia.org/resource/Jared_Dudley","2015","Phoenix Suns","http://dbpedia.org/resource/Phoenix_Suns","Small forward","http://dbpedia.org/resource/Small_forward"
"Jared Dudley","http://dbpedia.org/resource/Jared_Dudley","2014","Phoenix Suns","http://dbpedia.org/resource/Phoenix_Suns","Power forward (basketball)","http://dbpedia.org/resource/Power_forward_(basketball)"
"Jared Dudley","http://dbpedia.org/resource/Jared_Dudley","2014","Phoenix Suns","http://dbpedia.org/resource/Phoenix_Suns","Small forward","http://dbpedia.org/resource/Small_forward"
"Jared Dudley","http://dbpedia.org/resource/Jared_Dudley","2013","Phoenix Suns","http://dbpedia.org/resource/Phoenix_Suns","Power forward (basketball)","http://dbpedia.org/resource/Power_forward_(basketball)"
"Jared Dudley","http://dbpedia.org/resource/Jared_Dudley","2013","Phoenix Suns","http://dbpedia.org/resource/Phoenix_Suns","Small forward","http://dbpedia.org/resource/Small_forward"
"Jared Dudley","http://dbpedia.org/resource/Jared_Dudley","2008","Phoenix Suns","http://dbpedia.org/resource/Phoenix_Suns","Power forward (basketball)","http://dbpedia.org/resource/Power_forward_(basketball)"
"Jared Dudley","http://dbpedia.org/resource/Jared_Dudley","2008","Phoenix Suns","http://dbpedia.org/resource/Phoenix_Suns","Small forward","http://dbpedia.org/resource/Small_forward"
"Jared Dudley","http://dbpedia.org/resource/Jared_Dudley","2007","Phoenix Suns","http://dbpedia.org/resource/Phoenix_Suns","Power forward (basketball)","http://dbpedia.org/resource/Power_forward_(basketball)"
"Jared Dudley","http://dbpedia.org/resource/Jared_Dudley","2007","Phoenix Suns","http://dbpedia.org/resource/Phoenix_Suns","Small forward","http://dbpedia.org/resource/Small_forward"
"Jared Sullinger","http://dbpedia.org/resource/Jared_Sullinger","2016","Toronto Raptors","http://dbpedia.org/resource/Toronto_Raptors","Power forward (basketball)","http://dbpedia.org/resource/Power_forward_(basketball)"
"Jared Sullinger","http://dbpedia.org/resource/Jared_Sullinger","2016","Toronto Raptors","http://dbpedia.org/resource/Toronto_Raptors","Center (basketball)","http://dbpedia.org/resource/Center_(basketball)"
"Jared Sullinger","http://dbpedia.org/resource/Jared_Sullinger","2012","Toronto Raptors","http://dbpedia.org/resource/Toronto_Raptors","Power forward (basketball)","http://dbpedia.org/resource/Power_forward_(basketball)"
"Jared Sullinger","http://dbpedia.org/resource/Jared_Sullinger","2012","Toronto Raptors","http://dbpedia.org/resource/Toronto_Raptors","Center (basketball)","http://dbpedia.org/resource/Center_(basketball)"
"Jarron Collins","http://dbpedia.org/resource/Jarron_Collins","2010","Golden State Warriors","http://dbpedia.org/resource/Golden_State_Warriors","Coach (basketball)","http://dbpedia.org/resource/Coach_(basketball)"
"Jarron Collins","http://dbpedia.org/resource/Jarron_Collins","2009","Golden State Warriors","http://dbpedia.org/resource/Golden_State_Warriors","Coach (basketball)","http://dbpedia.org/resource/Coach_(basketball)"
"Jarron Collins","http://dbpedia.org/resource/Jarron_Collins","2001","Golden State Warriors","http://dbpedia.org/resource/Golden_State_Warriors","Coach (basketball)","http://dbpedia.org/resource/Coach_(basketball)"
"Jodie Meeks","http://dbpedia.org/resource/Jodie_Meeks","2016","Orlando Magic","http://dbpedia.org/resource/Orlando_Magic","Shooting guard","http://dbpedia.org/resource/Shooting_guard"
"Jodie Meeks","http://dbpedia.org/resource/Jodie_Meeks","2014","Orlando Magic","http://dbpedia.org/resource/Orlando_Magic","Shooting guard","http://dbpedia.org/resource/Shooting_guard"
"Jodie Meeks","http://dbpedia.org/resource/Jodie_Meeks","2012","Orlando Magic","http://dbpedia.org/resource/Orlando_Magic","Shooting guard","http://dbpedia.org/resource/Shooting_guard"
"Jodie Meeks","http://dbpedia.org/resource/Jodie_Meeks","2010","Orlando Magic","http://dbpedia.org/resource/Orlando_Magic","Shooting guard","http://dbpedia.org/resource/Shooting_guard"
"Jodie Meeks","http://dbpedia.org/resource/Jodie_Meeks","2009","Orlando Magic","http://dbpedia.org/resource/Orlando_Magic","Shooting guard","http://dbpedia.org/resource/Shooting_guard"
"Joel Bolomboy","http://dbpedia.org/resource/Joel_Bolomboy","2016","Utah Jazz","http://dbpedia.org/resource/Utah_Jazz","Power forward (basketball)","http://dbpedia.org/resource/Power_forward_(basketball)"
"Joel Bolomboy","http://dbpedia.org/resource/Joel_Bolomboy","2016","Utah Jazz","http://dbpedia.org/resource/Utah_Jazz","Center (basketball)","http://dbpedia.org/resource/Center_(basketball)"
"John Coker (basketball)","http://dbpedia.org/resource/John_Coker_(basketball)","2001","Idaho Stampede","http://dbpedia.org/resource/Idaho_Stampede","Center (basketball)","http://dbpedia.org/resource/Center_(basketball)"
"John Coker (basketball)","http://dbpedia.org/resource/John_Coker_(basketball)","2000","Idaho Stampede","http://dbpedia.org/resource/Idaho_Stampede","Center (basketball)","http://dbpedia.org/resource/Center_(basketball)"
"John Coker (basketball)","http://dbpedia.org/resource/John_Coker_(basketball)","1998","Idaho Stampede","http://dbpedia.org/resource/Idaho_Stampede","Center (basketball)","http://dbpedia.org/resource/Center_(basketball)"
"John Coker (basketball)","http://dbpedia.org/resource/John_Coker_(basketball)","1996","Idaho Stampede","http://dbpedia.org/resource/Idaho_Stampede","Center (basketball)","http://dbpedia.org/resource/Center_(basketball)"
"John Coker (basketball)","http://dbpedia.org/resource/John_Coker_(basketball)","1995","Idaho Stampede","http://dbpedia.org/resource/Idaho_Stampede","Center (basketball)","http://dbpedia.org/resource/Center_(basketball)"
"Juan Hernangómez","http://dbpedia.org/resource/Juan_Hernangómez","2016","Denver Nuggets","http://dbpedia.org/resource/Denver_Nuggets","Forward (basketball)","http://dbpedia.org/resource/Forward_(basketball)"
"Juan Hernangómez","http://dbpedia.org/resource/Juan_Hernangómez","2012","Denver Nuggets","http://dbpedia.org/resource/Denver_Nuggets","Forward (basketball)","http://dbpedia.org/resource/Forward_(basketball)"
"Kemba Walker","http://dbpedia.org/resource/Kemba_Walker","2011","Charlotte Hornets","http://dbpedia.org/resource/Charlotte_Hornets","Point guard","http://dbpedia.org/resource/Point_guard"
"Kevin Séraphin","http://dbpedia.org/resource/Kevin_Séraphin","2016","Indiana Pacers","http://dbpedia.org/resource/Indiana_Pacers","Power forward (basketball)","http://dbpedia.org/resource/Power_forward_(basketball)"
"Kevin Séraphin","http://dbpedia.org/resource/Kevin_Séraphin","2016","Indiana Pacers","http://dbpedia.org/resource/Indiana_Pacers","Center (basketball)","http://dbpedia.org/resource/Center_(basketball)"
"Kevin Séraphin","http://dbpedia.org/resource/Kevin_Séraphin","2015","Indiana Pacers","http://dbpedia.org/resource/Indiana_Pacers","Power forward (basketball)","http://dbpedia.org/resource/Power_forward_(basketball)"
"Kevin Séraphin","http://dbpedia.org/resource/Kevin_Séraphin","2015","Indiana Pacers","http://dbpedia.org/resource/Indiana_Pacers","Center (basketball)","http://dbpedia.org/resource/Center_(basketball)"
"Kevin Séraphin","http://dbpedia.org/resource/Kevin_Séraphin","2011","Indiana Pacers","http://dbpedia.org/resource/Indiana_Pacers","Power forward (basketball)","http://dbpedia.org/resource/Power_forward_(basketball)"
"Kevin Séraphin","http://dbpedia.org/resource/Kevin_Séraphin","2011","Indiana Pacers","http://dbpedia.org/resource/Indiana_Pacers","Center (basketball)","http://dbpedia.org/resource/Center_(basketball)"
"Kevin Séraphin","http://dbpedia.org/resource/Kevin_Séraphin","2010","Indiana Pacers","http://dbpedia.org/resource/Indiana_Pacers","Power forward (basketball)","http://dbpedia.org/resource/Power_forward_(basketball)"
"Kevin Séraphin","http://dbpedia.org/resource/Kevin_Séraphin","2010","Indiana Pacers","http://dbpedia.org/resource/Indiana_Pacers","Center (basketball)","http://dbpedia.org/resource/Center_(basketball)"
"Kevin Séraphin","http://dbpedia.org/resource/Kevin_Séraphin","2007","Indiana Pacers","http://dbpedia.org/resource/Indiana_Pacers","Power forward (basketball)","http://dbpedia.org/resource/Power_forward_(basketball)"
"Kevin Séraphin","http://dbpedia.org/resource/Kevin_Séraphin","2007","Indiana Pacers","http://dbpedia.org/resource/Indiana_Pacers","Center (basketball)","http://dbpedia.org/resource/Center_(basketball)"
"Livio Jean-Charles","http://dbpedia.org/resource/Livio_Jean-Charles","2016","San Antonio Spurs","http://dbpedia.org/resource/San_Antonio_Spurs","Forward (basketball)","http://dbpedia.org/resource/Forward_(basketball)"
"Livio Jean-Charles","http://dbpedia.org/resource/Livio_Jean-Charles","2011","San Antonio Spurs","http://dbpedia.org/resource/San_Antonio_Spurs","Forward (basketball)","http://dbpedia.org/resource/Forward_(basketball)"
"Livio Jean-Charles","http://dbpedia.org/resource/Livio_Jean-Charles","2009","San Antonio Spurs","http://dbpedia.org/resource/San_Antonio_Spurs","Forward (basketball)","http://dbpedia.org/resource/Forward_(basketball)"
"Malachi Richardson","http://dbpedia.org/resource/Malachi_Richardson","2016","Sacramento Kings","http://dbpedia.org/resource/Sacramento_Kings","Shooting guard","http://dbpedia.org/resource/Shooting_guard"
"Malcolm Brogdon","http://dbpedia.org/resource/Malcolm_Brogdon","2016","Milwaukee Bucks","http://dbpedia.org/resource/Milwaukee_Bucks","Shooting guard","http://dbpedia.org/resource/Shooting_guard"
"Malik Beasley","http://dbpedia.org/resource/Malik_Beasley","2016","Denver Nuggets","http://dbpedia.org/resource/Denver_Nuggets","Guard (basketball)","http://dbpedia.org/resource/Guard_(basketball)"
"Marcin Gortat","http://dbpedia.org/resource/Marcin_Gortat","2013","Washington Wizards","http://dbpedia.org/resource/Washington_Wizards","Center (basketball)","http://dbpedia.org/resource/Center_(basketball)"
"Marcin Gortat","http://dbpedia.org/resource/Marcin_Gortat","2010","Washington Wizards","http://dbpedia.org/resource/Washington_Wizards","Center (basketball)","http://dbpedia.org/resource/Center_(basketball)"
"Marcin Gortat","http://dbpedia.org/resource/Marcin_Gortat","2007","Washington Wizards","http://dbpedia.org/resource/Washington_Wizards","Center (basketball)","http://dbpedia.org/resource/Center_(basketball)"
"Marcin Gortat","http://dbpedia.org/resource/Marcin_Gortat","2003","Washington Wizards","http://dbpedia.org/resource/Washington_Wizards","Center (basketball)","http://dbpedia.org/resource/Center_(basketball)"
"Marcin Gortat","http://dbpedia.org/resource/Marcin_Gortat","2002","Washington Wizards","http://dbpedia.org/resource/Washington_Wizards","Center (basketball)","http://dbpedia.org/resource/Center_(basketball)"
"Marco Belinelli","http://dbpedia.org/resource/Marco_Belinelli","2016","Charlotte Hornets","http://dbpedia.org/resource/Charlotte_Hornets","Shooting guard","http://dbpedia.org/resource/Shooting_guard"
"Marco Belinelli","http://dbpedia.org/resource/Marco_Belinelli","2016","Charlotte Hornets","http://dbpedia.org/resource/Charlotte_Hornets","Small forward","http://dbpedia.org/resource/Small_forward"
"Marco Belinelli","http://dbpedia.org/resource/Marco_Belinelli","2015","Charlotte Hornets","http://dbpedia.org/resource/Charlotte_Hornets","Shooting guard","http://dbpedia.org/resource/Shooting_guard"
"Marco Belinelli","http://dbpedia.org/resource/Marco_Belinelli","2015","Charlotte Hornets","http://dbpedia.org/resource/Charlotte_Hornets","Small forward","http://dbpedia.org/resource/Small_forward"
"Marco Belinelli","http://dbpedia.org/resource/Marco_Belinelli","2013","Charlotte Hornets","http://dbpedia.org/resource/Charlotte_Hornets","Shooting guard","http://dbpedia.org/resource/Shooting_guard"
"Marco Belinelli","http://dbpedia.org/resource/Marco_Belinelli","2013","Charlotte Hornets","http://dbpedia.org/resource/Charlotte_Hornets","Small forward","http://dbpedia.org/resource/Small_forward"
"Marco Belinelli","http://dbpedia.org/resource/Marco_Belinelli","2012","Charlotte Hornets","http://dbpedia.org/resource/Charlotte_Hornets","Shooting guard","http://dbpedia.org/resource/Shooting_guard"
"Marco Belinelli","http://dbpedia.org/resource/Marco_Belinelli","2012","Charlotte Hornets","http://dbpedia.org/resource/Charlotte_Hornets","Small forward","http://dbpedia.org/resource/Small_forward"
"Marco Belinelli","http://dbpedia.org/resource/Marco_Belinelli","2010","Charlotte Hornets","http://dbpedia.org/resource/Charlotte_Hornets","Shooting guard","http://dbpedia.org/resource/Shooting_guard"
"Marco Belinelli","http://dbpedia.org/resource/Marco_Belinelli","2010","Charlotte Hornets","http://dbpedia.org/resource/Charlotte_Hornets","Small forward","http://dbpedia.org/resource/Small_forward"
"Marco Belinelli","http://dbpedia.org/resource/Marco_Belinelli","2009","Charlotte Hornets","http://dbpedia.org/resource/Charlotte_Hornets","Shooting guard","http://dbpedia.org/resource/Shooting_guard"
"Marco Belinelli","http://dbpedia.org/resource/Marco_Belinelli","2009","Charlotte Hornets","http://dbpedia.org/resource/Charlotte_Hornets","Small forward","http://dbpedia.org/resource/Small_forward"
"Marco Belinelli","http://dbpedia.org/resource/Marco_Belinelli","2007","Charlotte Hornets","http://dbpedia.org/resource/Charlotte_Hornets","Shooting guard","http://dbpedia.org/resource/Shooting_guard"
"Marco Belinelli","http://dbpedia.org/resource/Marco_Belinelli","2007","Charlotte Hornets","http://dbpedia.org/resource/Charlotte_Hornets","Small forward","http://dbpedia.org/resource/Small_forward"
"Marco Belinelli","http://dbpedia.org/resource/Marco_Belinelli","2003","Charlotte Hornets","http://dbpedia.org/resource/Charlotte_Hornets","Shooting guard","http://dbpedia.org/resource/Shooting_guard"
"Marco Belinelli","http://dbpedia.org/resource/Marco_Belinelli","2003","Charlotte Hornets","http://dbpedia.org/resource/Charlotte_Hornets","Small forward","http://dbpedia.org/resource/Small_forward"
"Marco Belinelli","http://dbpedia.org/resource/Marco_Belinelli","2002","Charlotte Hornets","http://dbpedia.org/resource/Charlotte_Hornets","Shooting guard","http://dbpedia.org/resource/Shooting_guard"
"Marco Belinelli","http://dbpedia.org/resource/Marco_Belinelli","2002","Charlotte Hornets","http://dbpedia.org/resource/Charlotte_Hornets","Small forward","http://dbpedia.org/resource/Small_forward"
"Marcus Georges-Hunt","http://dbpedia.org/resource/Marcus_Georges-Hunt","2016","Boston Celtics","http://dbpedia.org/resource/Boston_Celtics","Shooting guard","http://dbpedia.org/resource/Shooting_guard"
"Markel Brown","http://dbpedia.org/resource/Markel_Brown","2016","Cleveland Cavaliers","http://dbpedia.org/resource/Cleveland_Cavaliers","Shooting guard","http://dbpedia.org/resource/Shooting_guard"
"Markel Brown","http://dbpedia.org/resource/Markel_Brown","2016","Cleveland Cavaliers","http://dbpedia.org/resource/Cleveland_Cavaliers","Point guard","http://dbpedia.org/resource/Point_guard"
"Markel Brown","http://dbpedia.org/resource/Markel_Brown","2015","Cleveland Cavaliers","http://dbpedia.org/resource/Cleveland_Cavaliers","Shooting guard","http://dbpedia.org/resource/Shooting_guard"
"Markel Brown","http://dbpedia.org/resource/Markel_Brown","2015","Cleveland Cavaliers","http://dbpedia.org/resource/Cleveland_Cavaliers","Point guard","http://dbpedia.org/resource/Point_guard"
"Markel Brown","http://dbpedia.org/resource/Markel_Brown","2014","Cleveland Cavaliers","http://dbpedia.org/resource/Cleveland_Cavaliers","Shooting guard","http://dbpedia.org/resource/Shooting_guard"
"Markel Brown","http://dbpedia.org/resource/Markel_Brown","2014","Cleveland Cavaliers","http://dbpedia.org/resource/Cleveland_Cavaliers","Point guard","http://dbpedia.org/resource/Point_guard"
"Meyers Leonard","http://dbpedia.org/resource/Meyers_Leonard","2012","Portland Trail Blazers","http://dbpedia.org/resource/Portland_Trail_Blazers","Power forward (basketball)","http://dbpedia.org/resource/Power_forward_(basketball)"
"Meyers Leonard","http://dbpedia.org/resource/Meyers_Leonard","2012","Portland Trail Blazers","http://dbpedia.org/resource/Portland_Trail_Blazers","Center (basketball)","http://dbpedia.org/resource/Center_(basketball)"
"Mirza Teletović","http://dbpedia.org/resource/Mirza_Teletović","2016","Milwaukee Bucks","http://dbpedia.org/resource/Milwaukee_Bucks","Power forward (basketball)","http://dbpedia.org/resource/Power_forward_(basketball)"
"Mirza Teletović","http://dbpedia.org/resource/Mirza_Teletović","2015","Milwaukee Bucks","http://dbpedia.org/resource/Milwaukee_Bucks","Power forward (basketball)","http://dbpedia.org/resource/Power_forward_(basketball)"
"Mirza Teletović","http://dbpedia.org/resource/Mirza_Teletović","2012","Milwaukee Bucks","http://dbpedia.org/resource/Milwaukee_Bucks","Power forward (basketball)","http://dbpedia.org/resource/Power_forward_(basketball)"
"Mirza Teletović","http://dbpedia.org/resource/Mirza_Teletović","2006","Milwaukee Bucks","http://dbpedia.org/resource/Milwaukee_Bucks","Power forward (basketball)","http://dbpedia.org/resource/Power_forward_(basketball)"
"Mirza Teletović","http://dbpedia.org/resource/Mirza_Teletović","2004","Milwaukee Bucks","http://dbpedia.org/resource/Milwaukee_Bucks","Power forward (basketball)","http://dbpedia.org/resource/Power_forward_(basketball)"
"Mirza Teletović","http://dbpedia.org/resource/Mirza_Teletović","2002","Milwaukee Bucks","http://dbpedia.org/resource/Milwaukee_Bucks","Power forward (basketball)","http://dbpedia.org/resource/Power_forward_(basketball)"
"Nick Collison","http://dbpedia.org/resource/Nick_Collison","2003","Oklahoma City Thunder","http://dbpedia.org/resource/Oklahoma_City_Thunder","Power forward (basketball)","http://dbpedia.org/resource/Power_forward_(basketball)"
"Nick Collison","http://dbpedia.org/resource/Nick_Collison","2003","Oklahoma City Thunder","http://dbpedia.org/resource/Oklahoma_City_Thunder","Center (basketball)","http://dbpedia.org/resource/Center_(basketball)"
"Nicolás Laprovíttola","http://dbpedia.org/resource/Nicolás_Laprovíttola","2016","San Antonio Spurs","http://dbpedia.org/resource/San_Antonio_Spurs","Point guard","http://dbpedia.org/resource/Point_guard"
"Nicolás Laprovíttola","http://dbpedia.org/resource/Nicolás_Laprovíttola","2015","San Antonio Spurs","http://dbpedia.org/resource/San_Antonio_Spurs","Point guard","http://dbpedia.org/resource/Point_guard"
"Nicolás Laprovíttola","http://dbpedia.org/resource/Nicolás_Laprovíttola","2013","San Antonio Spurs","http://dbpedia.org/resource/San_Antonio_Spurs","Point guard","http://dbpedia.org/resource/Point_guard"
"Nicolás Laprovíttola","http://dbpedia.org/resource/Nicolás_Laprovíttola","2007","San Antonio Spurs","http://dbpedia.org/resource/San_Antonio_Spurs","Point guard","http://dbpedia.org/resource/Point_guard"
"Nikola Peković","http://dbpedia.org/resource/Nikola_Peković","2011","Minnesota Timberwolves","http://dbpedia.org/resource/Minnesota_Timberwolves","Center (basketball)","http://dbpedia.org/resource/Center_(basketball)"
"Nikola Peković","http://dbpedia.org/resource/Nikola_Peković","2010","Minnesota Timberwolves","http://dbpedia.org/resource/Minnesota_Timberwolves","Center (basketball)","http://dbpedia.org/resource/Center_(basketball)"
"Nikola Peković","http://dbpedia.org/resource/Nikola_Peković","2008","Minnesota Timberwolves","http://dbpedia.org/resource/Minnesota_Timberwolves","Center (basketball)","http://dbpedia.org/resource/Center_(basketball)"
"Nikola Peković","http://dbpedia.org/resource/Nikola_Peković","2005","Minnesota Timberwolves","http://dbpedia.org/resource/Minnesota_Timberwolves","Center (basketball)","http://dbpedia.org/resource/Center_(basketball)"
"Nikola Peković","http://dbpedia.org/resource/Nikola_Peković","2003","Minnesota Timberwolves","http://dbpedia.org/resource/Minnesota_Timberwolves","Center (basketball)","http://dbpedia.org/resource/Center_(basketball)"
"P. J. Tucker","http://dbpedia.org/resource/P._J._Tucker","2012","Phoenix Suns","http://dbpedia.org/resource/Phoenix_Suns","Shooting guard","http://dbpedia.org/resource/Shooting_guard"
"P. J. Tucker","http://dbpedia.org/resource/P._J._Tucker","2012","Phoenix Suns","http://dbpedia.org/resource/Phoenix_Suns","Small forward","http://dbpedia.org/resource/Small_forward"
"P. J. Tucker","http://dbpedia.org/resource/P._J._Tucker","2011","Phoenix Suns","http://dbpedia.org/resource/Phoenix_Suns","Shooting guard","http://dbpedia.org/resource/Shooting_guard"
"P. J. Tucker","http://dbpedia.org/resource/P._J._Tucker","2011","Phoenix Suns","http://dbpedia.org/resource/Phoenix_Suns","Small forward","http://dbpedia.org/resource/Small_forward"
"P. J. Tucker","http://dbpedia.org/resource/P._J._Tucker","2010","Phoenix Suns","http://dbpedia.org/resource/Phoenix_Suns","Shooting guard","http://dbpedia.org/resource/Shooting_guard"
"P. J. Tucker","http://dbpedia.org/resource/P._J._Tucker","2010","Phoenix Suns","http://dbpedia.org/resource/Phoenix_Suns","Small forward","http://dbpedia.org/resource/Small_forward"
"P. J. Tucker","http://dbpedia.org/resource/P._J._Tucker","2008","Phoenix Suns","http://dbpedia.org/resource/Phoenix_Suns","Shooting guard","http://dbpedia.org/resource/Shooting_guard"
"P. J. Tucker","http://dbpedia.org/resource/P._J._Tucker","2008","Phoenix Suns","http://dbpedia.org/resource/Phoenix_Suns","Small forward","http://dbpedia.org/resource/Small_forward"
"P. J. Tucker","http://dbpedia.org/resource/P._J._Tucker","2007","Phoenix Suns","http://dbpedia.org/resource/Phoenix_Suns","Shooting guard","http://dbpedia.org/resource/Shooting_guard"
"P. J. Tucker","http://dbpedia.org/resource/P._J._Tucker","2007","Phoenix Suns","http://dbpedia.org/resource/Phoenix_Suns","Small forward","http://dbpedia.org/resource/Small_forward"
"P. J. Tucker","http://dbpedia.org/resource/P._J._Tucker","2006","Phoenix Suns","http://dbpedia.org/resource/Phoenix_Suns","Shooting guard","http://dbpedia.org/resource/Shooting_guard"
"P. J. Tucker","http://dbpedia.org/resource/P._J._Tucker","2006","Phoenix Suns","http://dbpedia.org/resource/Phoenix_Suns","Small forward","http://dbpedia.org/resource/Small_forward"
"Pablo Prigioni","http://dbpedia.org/resource/Pablo_Prigioni","2014","Houston Rockets","http://dbpedia.org/resource/Houston_Rockets","Point guard","http://dbpedia.org/resource/Point_guard"
"Pablo Prigioni","http://dbpedia.org/resource/Pablo_Prigioni","2014","Los Angeles Clippers","http://dbpedia.org/resource/Los_Angeles_Clippers","Point guard","http://dbpedia.org/resource/Point_guard"
"Pablo Prigioni","http://dbpedia.org/resource/Pablo_Prigioni","2012","Houston Rockets","http://dbpedia.org/resource/Houston_Rockets","Point guard","http://dbpedia.org/resource/Point_guard"
"Pablo Prigioni","http://dbpedia.org/resource/Pablo_Prigioni","2012","Los Angeles Clippers","http://dbpedia.org/resource/Los_Angeles_Clippers","Point guard","http://dbpedia.org/resource/Point_guard"
"Pablo Prigioni","http://dbpedia.org/resource/Pablo_Prigioni","2011","Houston Rockets","http://dbpedia.org/resource/Houston_Rockets","Point guard","http://dbpedia.org/resource/Point_guard"
"Pablo Prigioni","http://dbpedia.org/resource/Pablo_Prigioni","2011","Los Angeles Clippers","http://dbpedia.org/resource/Los_Angeles_Clippers","Point guard","http://dbpedia.org/resource/Point_guard"
"Pablo Prigioni","http://dbpedia.org/resource/Pablo_Prigioni","2009","Houston Rockets","http://dbpedia.org/resource/Houston_Rockets","Point guard","http://dbpedia.org/resource/Point_guard"
"Pablo Prigioni","http://dbpedia.org/resource/Pablo_Prigioni","2009","Los Angeles Clippers","http://dbpedia.org/resource/Los_Angeles_Clippers","Point guard","http://dbpedia.org/resource/Point_guard"
"Pablo Prigioni","http://dbpedia.org/resource/Pablo_Prigioni","2003","Houston Rockets","http://dbpedia.org/resource/Houston_Rockets","Point guard","http://dbpedia.org/resource/Point_guard"
"Pablo Prigioni","http://dbpedia.org/resource/Pablo_Prigioni","2003","Los Angeles Clippers","http://dbpedia.org/resource/Los_Angeles_Clippers","Point guard","http://dbpedia.org/resource/Point_guard"
"Pablo Prigioni","http://dbpedia.org/resource/Pablo_Prigioni","2001","Houston Rockets","http://dbpedia.org/resource/Houston_Rockets","Point guard","http://dbpedia.org/resource/Point_guard"
"Pablo Prigioni","http://dbpedia.org/resource/Pablo_Prigioni","2001","Los Angeles Clippers","http://dbpedia.org/resource/Los_Angeles_Clippers","Point guard","http://dbpedia.org/resource/Point_guard"
"Pablo Prigioni","http://dbpedia.org/resource/Pablo_Prigioni","1999","Houston Rockets","http://dbpedia.org/resource/Houston_Rockets","Point guard","http://dbpedia.org/resource/Point_guard"
"Pablo Prigioni","http://dbpedia.org/resource/Pablo_Prigioni","1999","Los Angeles Clippers","http://dbpedia.org/resource/Los_Angeles_Clippers","Point guard","http://dbpedia.org/resource/Point_guard"
"Pablo Prigioni","http://dbpedia.org/resource/Pablo_Prigioni","1998","Houston Rockets","http://dbpedia.org/resource/Houston_Rockets","Point guard","http://dbpedia.org/resource/Point_guard"
"Pablo Prigioni","http://dbpedia.org/resource/Pablo_Prigioni","1998","Los Angeles Clippers","http://dbpedia.org/resource/Los_Angeles_Clippers","Point guard","http://dbpedia.org/resource/Point_guard"
"Pablo Prigioni","http://dbpedia.org/resource/Pablo_Prigioni","1996","Houston Rockets","http://dbpedia.org/resource/Houston_Rockets","Point guard","http://dbpedia.org/resource/Point_guard"
"Pablo Prigioni","http://dbpedia.org/resource/Pablo_Prigioni","1996","Los Angeles Clippers","http://dbpedia.org/resource/Los_Angeles_Clippers","Point guard","http://dbpedia.org/resource/Point_guard"
"Pablo Prigioni","http://dbpedia.org/resource/Pablo_Prigioni","1995","Houston Rockets","http://dbpedia.org/resource/Houston_Rockets","Point guard","http://dbpedia.org/resource/Point_guard"
"Pablo Prigioni","http://dbpedia.org/resource/Pablo_Prigioni","1995","Los Angeles Clippers","http://dbpedia.org/resource/Los_Angeles_Clippers","Point guard","http://dbpedia.org/resource/Point_guard"
"Patricio Garino","http://dbpedia.org/resource/Patricio_Garino","2016","San Antonio Spurs","http://dbpedia.org/resource/San_Antonio_Spurs","Shooting guard","http://dbpedia.org/resource/Shooting_guard"
"Patricio Garino","http://dbpedia.org/resource/Patricio_Garino","2016","San Antonio Spurs","http://dbpedia.org/resource/San_Antonio_Spurs","Small forward","http://dbpedia.org/resource/Small_forward"
"Robert Sacre","http://dbpedia.org/resource/Robert_Sacre","2016","New Orleans Pelicans","http://dbpedia.org/resource/New_Orleans_Pelicans","Center (basketball)","http://dbpedia.org/resource/Center_(basketball)"
"Robert Sacre","http://dbpedia.org/resource/Robert_Sacre","2012","New Orleans Pelicans","http://dbpedia.org/resource/New_Orleans_Pelicans","Center (basketball)","http://dbpedia.org/resource/Center_(basketball)"
"Ronnie Price","http://dbpedia.org/resource/Ronnie_Price","2016","Oklahoma City Thunder","http://dbpedia.org/resource/Oklahoma_City_Thunder","Point guard","http://dbpedia.org/resource/Point_guard"
"Ronnie Price","http://dbpedia.org/resource/Ronnie_Price","2015","Oklahoma City Thunder","http://dbpedia.org/resource/Oklahoma_City_Thunder","Point guard","http://dbpedia.org/resource/Point_guard"
"Ronnie Price","http://dbpedia.org/resource/Ronnie_Price","2014","Oklahoma City Thunder","http://dbpedia.org/resource/Oklahoma_City_Thunder","Point guard","http://dbpedia.org/resource/Point_guard"
"Ronnie Price","http://dbpedia.org/resource/Ronnie_Price","2013","Oklahoma City Thunder","http://dbpedia.org/resource/Oklahoma_City_Thunder","Point guard","http://dbpedia.org/resource/Point_guard"
"Ronnie Price","http://dbpedia.org/resource/Ronnie_Price","2012","Oklahoma City Thunder","http://dbpedia.org/resource/Oklahoma_City_Thunder","Point guard","http://dbpedia.org/resource/Point_guard"
"Ronnie Price","http://dbpedia.org/resource/Ronnie_Price","2011","Oklahoma City Thunder","http://dbpedia.org/resource/Oklahoma_City_Thunder","Point guard","http://dbpedia.org/resource/Point_guard"
"Ronnie Price","http://dbpedia.org/resource/Ronnie_Price","2007","Oklahoma City Thunder","http://dbpedia.org/resource/Oklahoma_City_Thunder","Point guard","http://dbpedia.org/resource/Point_guard"
"Ronnie Price","http://dbpedia.org/resource/Ronnie_Price","2005","Oklahoma City Thunder","http://dbpedia.org/resource/Oklahoma_City_Thunder","Point guard","http://dbpedia.org/resource/Point_guard"
"Sean Marks","http://dbpedia.org/resource/Sean_Marks","2010","Brooklyn Nets","http://dbpedia.org/resource/Brooklyn_Nets","General Manager","http://dbpedia.org/resource/General_Manager"
"Sean Marks","http://dbpedia.org/resource/Sean_Marks","2008","Brooklyn Nets","http://dbpedia.org/resource/Brooklyn_Nets","General Manager","http://dbpedia.org/resource/General_Manager"
"Sean Marks","http://dbpedia.org/resource/Sean_Marks","2006","Brooklyn Nets","http://dbpedia.org/resource/Brooklyn_Nets","General Manager","http://dbpedia.org/resource/General_Manager"
"Sean Marks","http://dbpedia.org/resource/Sean_Marks","2003","Brooklyn Nets","http://dbpedia.org/resource/Brooklyn_Nets","General Manager","http://dbpedia.org/resource/General_Manager"
"Sean Marks","http://dbpedia.org/resource/Sean_Marks","2001","Brooklyn Nets","http://dbpedia.org/resource/Brooklyn_Nets","General Manager","http://dbpedia.org/resource/General_Manager"
"Sean Marks","http://dbpedia.org/resource/Sean_Marks","2000","Brooklyn Nets","http://dbpedia.org/resource/Brooklyn_Nets","General Manager","http://dbpedia.org/resource/General_Manager"
"Sean Marks","http://dbpedia.org/resource/Sean_Marks","1998","Brooklyn Nets","http://dbpedia.org/resource/Brooklyn_Nets","General Manager","http://dbpedia.org/resource/General_Manager"
"Shaun Livingston","http://dbpedia.org/resource/Shaun_Livingston","2013","Golden State Warriors","http://dbpedia.org/resource/Golden_State_Warriors","Shooting guard","http://dbpedia.org/resource/Shooting_guard"
"Shaun Livingston","http://dbpedia.org/resource/Shaun_Livingston","2013","Golden State Warriors","http://dbpedia.org/resource/Golden_State_Warriors","Point guard","http://dbpedia.org/resource/Point_guard"
"Shaun Livingston","http://dbpedia.org/resource/Shaun_Livingston","2012","Golden State Warriors","http://dbpedia.org/resource/Golden_State_Warriors","Shooting guard","http://dbpedia.org/resource/Shooting_guard"
"Shaun Livingston","http://dbpedia.org/resource/Shaun_Livingston","2012","Golden State Warriors","http://dbpedia.org/resource/Golden_State_Warriors","Point guard","http://dbpedia.org/resource/Point_guard"
"Shaun Livingston","http://dbpedia.org/resource/Shaun_Livingston","2011","Golden State Warriors","http://dbpedia.org/resource/Golden_State_Warriors","Shooting guard","http://dbpedia.org/resource/Shooting_guard"
"Shaun Livingston","http://dbpedia.org/resource/Shaun_Livingston","2011","Golden State Warriors","http://dbpedia.org/resource/Golden_State_Warriors","Point guard","http://dbpedia.org/resource/Point_guard"
"Shaun Livingston","http://dbpedia.org/resource/Shaun_Livingston","2010","Golden State Warriors","http://dbpedia.org/resource/Golden_State_Warriors","Shooting guard","http://dbpedia.org/resource/Shooting_guard"
"Shaun Livingston","http://dbpedia.org/resource/Shaun_Livingston","2010","Golden State Warriors","http://dbpedia.org/resource/Golden_State_Warriors","Point guard","http://dbpedia.org/resource/Point_guard"
"Shaun Livingston","http://dbpedia.org/resource/Shaun_Livingston","2009","Golden State Warriors","http://dbpedia.org/resource/Golden_State_Warriors","Shooting guard","http://dbpedia.org/resource/Shooting_guard"
"Shaun Livingston","http://dbpedia.org/resource/Shaun_Livingston","2009","Golden State Warriors","http://dbpedia.org/resource/Golden_State_Warriors","Point guard","http://dbpedia.org/resource/Point_guard"
"Shaun Livingston","http://dbpedia.org/resource/Shaun_Livingston","2008","Golden State Warriors","http://dbpedia.org/resource/Golden_State_Warriors","Shooting guard","http://dbpedia.org/resource/Shooting_guard"
"Shaun Livingston","http://dbpedia.org/resource/Shaun_Livingston","2008","Golden State Warriors","http://dbpedia.org/resource/Golden_State_Warriors","Point guard","http://dbpedia.org/resource/Point_guard"
"Shaun Livingston","http://dbpedia.org/resource/Shaun_Livingston","2004","Golden State Warriors","http://dbpedia.org/resource/Golden_State_Warriors","Shooting guard","http://dbpedia.org/resource/Shooting_guard"
"Shaun Livingston","http://dbpedia.org/resource/Shaun_Livingston","2004","Golden State Warriors","http://dbpedia.org/resource/Golden_State_Warriors","Point guard","http://dbpedia.org/resource/Point_guard"
"Terrence Ross","http://dbpedia.org/resource/Terrence_Ross","2012","Toronto Raptors","http://dbpedia.org/resource/Toronto_Raptors","Shooting guard","http://dbpedia.org/resource/Shooting_guard"
"Terrence Ross","http://dbpedia.org/resource/Terrence_Ross","2012","Toronto Raptors","http://dbpedia.org/resource/Toronto_Raptors","Small forward","http://dbpedia.org/resource/Small_forward"
"Tyler Ulis","http://dbpedia.org/resource/Tyler_Ulis","2016","Phoenix Suns","http://dbpedia.org/resource/Phoenix_Suns","Point guard","http://dbpedia.org/resource/Point_guard"
"Wayne Ellington","http://dbpedia.org/resource/Wayne_Ellington","2016","Miami Heat","http://dbpedia.org/resource/Miami_Heat","Shooting guard","http://dbpedia.org/resource/Shooting_guard"
"Wayne Ellington","http://dbpedia.org/resource/Wayne_Ellington","2015","Miami Heat","http://dbpedia.org/resource/Miami_Heat","Shooting guard","http://dbpedia.org/resource/Shooting_guard"
"Wayne Ellington","http://dbpedia.org/resource/Wayne_Ellington","2014","Miami Heat","http://dbpedia.org/resource/Miami_Heat","Shooting guard","http://dbpedia.org/resource/Shooting_guard"
"Wayne Ellington","http://dbpedia.org/resource/Wayne_Ellington","2013","Miami Heat","http://dbpedia.org/resource/Miami_Heat","Shooting guard","http://dbpedia.org/resource/Shooting_guard"
"Wayne Ellington","http://dbpedia.org/resource/Wayne_Ellington","2012","Miami Heat","http://dbpedia.org/resource/Miami_Heat","Shooting guard","http://dbpedia.org/resource/Shooting_guard"
"Wayne Ellington","http://dbpedia.org/resource/Wayne_Ellington","2009","Miami Heat","http://dbpedia.org/resource/Miami_Heat","Shooting guard","http://dbpedia.org/resource/Shooting_guard"
