"OAU State","OAU State__URI","Official Language","Official Language__URI","IMF SDRs","Date of Independence","Head of Central Bank","Capital","Capital__URI","IMF #Votes","Name of Currency","Name of Currency__URI"
"Algeria","http://dbpedia.org/resource/Algeria","Arabic","http://dbpedia.org/resource/Arabic","914.4","Jul 1962","Abdelouahab Keramane","Algiers","http://dbpedia.org/resource/Algiers","9,394","Dinar","http://dbpedia.org/resource/Algerian_dinar"
"Angola","http://dbpedia.org/resource/Angola","Portuguese","http://dbpedia.org/resource/Portuguese_language","207.3","Nov 1975","Mario de Alcantara Monteiro","Luanda","http://dbpedia.org/resource/Luanda","2,323","New Kwanza","http://dbpedia.org/resource/Angolan_kwanza"
"Benin","http://dbpedia.org/resource/Benin","French","http://dbpedia.org/resource/French_language","45.3","Aug 1960","Moise Mensah","Porto-Novo","http://dbpedia.org/resource/Porto-Novo","703","CFA franc","http://dbpedia.org/resource/CFA_franc"
"Bostwana","http://dbpedia.org/resource/Botswana","English","http://dbpedia.org/resource/English_language","36.6","Sep 1966","Balendzi Gaolathe","Gaborone","http://dbpedia.org/resource/Gaborone","616","Pula","http://dbpedia.org/resource/Botswana_pula"
"Burkina Faso","http://dbpedia.org/resource/Burkina_Faso","French","http://dbpedia.org/resource/French_language","44.2","Aug 1960","Tertius Zongo","Ouagadougou","http://dbpedia.org/resource/Ouagadougou","696","CFA franc","http://dbpedia.org/resource/CFA_franc"
"Burundi","http://dbpedia.org/resource/Burundi","Rundi","http://dbpedia.org/resource/Kirundi","57.2","Jul 1962","Mathias Sinamenye","Bujumbuna","http://dbpedia.org/resource/Bujumbura","822","Brundi franc","http://dbpedia.org/resource/Burundian_franc"
"Burundi","http://dbpedia.org/resource/Burundi","French","http://dbpedia.org/resource/French_language","57.2","Jul 1962","Mathias Sinamenye","Bujumbuna","http://dbpedia.org/resource/Bujumbura","822","Brundi franc","http://dbpedia.org/resource/Burundian_franc"
"Cameroon","http://dbpedia.org/resource/Cameroon","French","http://dbpedia.org/resource/French_language","135.1","Jan 1960","Edouard Akame Mfoumou","Yaounde","http://dbpedia.org/resource/Yaoundé","1.601","CFA franc","http://dbpedia.org/resource/CFA_franc"
"Cameroon","http://dbpedia.org/resource/Cameroon","Eng.","http://dbpedia.org/resource/English_language","135.1","Jan 1960","Edouard Akame Mfoumou","Yaounde","http://dbpedia.org/resource/Yaoundé","1.601","CFA franc","http://dbpedia.org/resource/CFA_franc"
"Cape Verde","http://dbpedia.org/resource/Cape_Verde","Portuguese","http://dbpedia.org/resource/Portuguese_language","7.0","Jul 1975","Antonio Gualberto do Rosario","Praia","http://dbpedia.org/resource/Praia","320","Escudo","http://dbpedia.org/resource/Cape_Verdean_escudo"
"Central African Republic","http://dbpedia.org/resource/Central_African_Republic","French","http://dbpedia.org/resource/French_language","41.2","Aug 1960","Anicet-Georges Dologuele","Bangui","http://dbpedia.org/resource/Bangui","662","CFA franc","http://dbpedia.org/resource/CFA_franc"
"Central African Republic","http://dbpedia.org/resource/Central_African_Republic","Sango","http://dbpedia.org/resource/Sango_language","41.2","Aug 1960","Anicet-Georges Dologuele","Bangui","http://dbpedia.org/resource/Bangui","662","CFA franc","http://dbpedia.org/resource/CFA_franc"
"Chad","http://dbpedia.org/resource/Chad","Arabic","http://dbpedia.org/resource/Arabic","41.3","Aug 1960","Bichara Cherif Daoussa","N'Ojamena","http://dbpedia.org/resource/N'Djamena","663","CFA franc","http://dbpedia.org/resource/CFA_franc"
"Chad","http://dbpedia.org/resource/Chad","French","http://dbpedia.org/resource/French_language","41.3","Aug 1960","Bichara Cherif Daoussa","N'Ojamena","http://dbpedia.org/resource/N'Djamena","663","CFA franc","http://dbpedia.org/resource/CFA_franc"
"Comoros","http://dbpedia.org/resource/Comoros","Comorian","http://dbpedia.org/resource/Comorian_language","6.5","Jul 1975","Mohamed Ali Soilihi","Moroni","http://dbpedia.org/resource/Moroni,_Comoros","315","Comorian franc","http://dbpedia.org/resource/Comorian_franc"
"Congo, Democratic Republic of the","http://dbpedia.org/resource/Democratic_Republic_of_the_Congo","French","http://dbpedia.org/resource/French_language","291.0","Aug 1960","Vanant","Kinshasa","http://dbpedia.org/resource/Kinshasa","000","CFA franc","http://dbpedia.org/resource/CFA_franc"
"Congo, Repulic Of","http://dbpedia.org/resource/Republic_of_the_Congo","French","http://dbpedia.org/resource/French_language","57.9","Jun 1960","Nguila Moungounga-Nkombo","Brazaville","http://dbpedia.org/resource/Brazzaville","829","CFA franc","http://dbpedia.org/resource/CFA_franc"
"Cote d'Ivoire","http://dbpedia.org/resource/Ivory_Coast","French","http://dbpedia.org/resource/French_language","238.2","Aug 1960","N'Goran Niamien","Abidjan","http://dbpedia.org/resource/Abidjan","2632","CFA franc","http://dbpedia.org/resource/CFA_franc"
"Dijibouti","http://dbpedia.org/resource/Djibouti","Arabic","http://dbpedia.org/resource/Arabic","11.5","Jun 1977","Djama Mahamoud Haid","Djibouti","http://dbpedia.org/resource/Djibouti_(city)","365","Djib franc","http://dbpedia.org/resource/Djiboutian_franc"
"Dijibouti","http://dbpedia.org/resource/Djibouti","French","http://dbpedia.org/resource/French_language","11.5","Jun 1977","Djama Mahamoud Haid","Djibouti","http://dbpedia.org/resource/Djibouti_(city)","365","Djib franc","http://dbpedia.org/resource/Djiboutian_franc"
"Egypt","http://dbpedia.org/resource/Egypt","Arabic","http://dbpedia.org/resource/Arabic","678.4","Feb 1922","Moheiddin El-Gharib","Cairo","http://dbpedia.org/resource/Cairo","7,034","Egyptian, Pound","http://dbpedia.org/resource/Egyptian_pound"
"Equatorial Guinea","http://dbpedia.org/resource/Equatorial_Guinea","Spanish","http://dbpedia.org/resource/Spanish_language","24.3","Oct 1968","Marceli Oyono Ntutumu","Malabo","http://dbpedia.org/resource/Malabo","493","CFA franc","http://dbpedia.org/resource/CFA_franc"
"Eritrea","http://dbpedia.org/resource/Eritrea","","","11.5","May 1993","Tekie Beyene","Asmara","http://dbpedia.org/resource/Asmara","365","Nakfa","http://dbpedia.org/resource/Eritrean_nakfa"
"Ethiopia","http://dbpedia.org/resource/Ethiopia","Amharic","http://dbpedia.org/resource/Amharic","98.3","1,000BC","Dubale Jale","Addis Ababa","http://dbpedia.org/resource/Addis_Ababa","1,233","Birr","http://dbpedia.org/resource/Ethiopian_birr"
"Gabon","http://dbpedia.org/resource/Gabon","French","http://dbpedia.org/resource/French_language","110.3","Aug 1960","Marcel Doupamby Matoka","Libreville","http://dbpedia.org/resource/Libreville","1,242","CFA franc","http://dbpedia.org/resource/CFA_franc"
"Gambia, The","http://dbpedia.org/resource/The_Gambia","English","http://dbpedia.org/resource/English_language","22.9","Feb 1965","Dominic Mendy","Benjul","http://dbpedia.org/resource/Banjul","479","Dalasi","http://dbpedia.org/resource/Gambian_dalasi"
"Ghana","http://dbpedia.org/resource/Ghana","English","http://dbpedia.org/resource/English_language","274.0","Mar 1957","Kwabena Duffour","Accra","http://dbpedia.org/resource/Accra","2,990","Cedi","http://dbpedia.org/resource/Cedi"
"Guinea","http://dbpedia.org/resource/Guinea","French","http://dbpedia.org/resource/French_language","78.7","Oct 1958","Ibrahima Kassory Fofana","Conakry","http://dbpedia.org/resource/Conakry","1,037","Guinean franc","http://dbpedia.org/resource/Guinean_franc"
"Guinea-Bissau","http://dbpedia.org/resource/Guinea-Bissau","Portuguese","http://dbpedia.org/resource/Portuguese_language","10.5","Sep 1974","Issufo Sanha","Bissau","http://dbpedia.org/resource/Bissau","355","Guinea-Bissau peso","http://dbpedia.org/resource/Guinea-Bissau_peso"
"Kanya","http://dbpedia.org/resource/Kenya","Swahili","http://dbpedia.org/resource/Swahili_language","199.4","Dec 1963","Musalia Mudavadi","Nairobi","http://dbpedia.org/resource/Nairobi","2,224","Kenya shilling","http://dbpedia.org/resource/Kenya_shilling"
"Kanya","http://dbpedia.org/resource/Kenya","English","http://dbpedia.org/resource/English_language","199.4","Dec 1963","Musalia Mudavadi","Nairobi","http://dbpedia.org/resource/Nairobi","2,224","Kenya shilling","http://dbpedia.org/resource/Kenya_shilling"
"Lesotho","http://dbpedia.org/resource/Lesotho","Sotho","http://dbpedia.org/resource/Sotho_language","23.9","Oct 1966","C.T Thamae","Maseru","http://dbpedia.org/resource/Maseru","489","Malito (Loti)","http://dbpedia.org/resource/Lesotho_loti"
"Lesotho","http://dbpedia.org/resource/Lesotho","English","http://dbpedia.org/resource/English_language","23.9","Oct 1966","C.T Thamae","Maseru","http://dbpedia.org/resource/Maseru","489","Malito (Loti)","http://dbpedia.org/resource/Lesotho_loti"
"Liberia","http://dbpedia.org/resource/Liberia","English","http://dbpedia.org/resource/English_language","71.3","July 1847","Elio E. Saleeby","Monrovia","http://dbpedia.org/resource/Monrovia","963","Liberian dollar","http://dbpedia.org/resource/Liberian_dollar"
"Libya","http://dbpedia.org/resource/Libya","Arabic","http://dbpedia.org/resource/Arabic","817.6","Dec 1951","Taher E. Jehaimi","Tripoli","http://dbpedia.org/resource/Tripoli","8,426","Libyan dinar","http://dbpedia.org/resource/Libyan_dinar"
"Madagascar","http://dbpedia.org/resource/Madagascar","Malagasy","http://dbpedia.org/resource/Malagasy_language","90.4","Jul 1960","Andrianarivo Tantely","Antananarivo","http://dbpedia.org/resource/Antananarivo","1,154","Madagasy franc","http://dbpedia.org/resource/Malagasy_franc"
"Madagascar","http://dbpedia.org/resource/Madagascar","French","http://dbpedia.org/resource/French_language","90.4","Jul 1960","Andrianarivo Tantely","Antananarivo","http://dbpedia.org/resource/Antananarivo","1,154","Madagasy franc","http://dbpedia.org/resource/Malagasy_franc"
"Malawi","http://dbpedia.org/resource/Malawi","English","http://dbpedia.org/resource/English_language","50.9","Jul 1964","M.A.P. Chikaonda","Lilongwe","http://dbpedia.org/resource/Lilongwe","759","Malawi Kwacha","http://dbpedia.org/resource/Malawi_kwacha"
"Mali","http://dbpedia.org/resource/Mali","French","http://dbpedia.org/resource/French_language","68.9","Jul 1965","Soumaila Cisse","Bama Ko","http://dbpedia.org/resource/Bamako","939","CFA franc","http://dbpedia.org/resource/CFA_franc"
"Mauritania","http://dbpedia.org/resource/Mauritania","Arabic","http://dbpedia.org/resource/Arabic","47.5","Nov 1960","Mohamedou Ould Michel","Nouakchott","http://dbpedia.org/resource/Nouakchott","725","Ouguiya","http://dbpedia.org/resource/Mauritanian_ouguiya"
"Mauritius","http://dbpedia.org/resource/Mauritius","English","http://dbpedia.org/resource/English_language","73.3","Mar 1968","Vasant Kumar Bunwaree","Porto Louis","http://dbpedia.org/resource/Port_Louis","893","Mouritian rupee","http://dbpedia.org/resource/Mauritian_rupee"
"Morocco","http://dbpedia.org/resource/Morocco","Arabic","http://dbpedia.org/resource/Arabic","427.7","Mar 1956","Mohamed Seqat","Rabat","http://dbpedia.org/resource/Rabat","4,527","Morrocan dirham","http://dbpedia.org/resource/Moroccan_dirham"
"Mozambique","http://dbpedia.org/resource/Mozambique","Portuguese","http://dbpedia.org/resource/Portuguese_language","84.0","Jun 1975","Tomaz Augusto Salomao","Maputo","http://dbpedia.org/resource/Maputo","1090","Metical","http://dbpedia.org/resource/Mozambican_metical"
"Namibia","http://dbpedia.org/resource/Namibia","English","http://dbpedia.org/resource/English_language","99.6","Mar 1990","Nangolo Mbumba","Windhoek","http://dbpedia.org/resource/Windhoek","1,246","Nambian dollar","http://dbpedia.org/resource/Namibian_dollar"
"Niger","http://dbpedia.org/resource/Niger","French","http://dbpedia.org/resource/French_language","48.3","Aug 1960","Ahmadou Mayaki","Niamey","http://dbpedia.org/resource/Niamey","733","CFA franc","http://dbpedia.org/resource/CFA_franc"
"Nigeria","http://dbpedia.org/resource/Nigeria","English","http://dbpedia.org/resource/English_language","1,281.6","Oct 1960","Anthony A. Ani","Lagos","http://dbpedia.org/resource/Lagos","13.006","Nigerian Naira","http://dbpedia.org/resource/Nigerian_naira"
"Rwanda","http://dbpedia.org/resource/Rwanda","Rwanda","http://dbpedia.org/resource/Kinyarwanda","59.5","Jul 1962","Donat Kaberuka","Kagali","http://dbpedia.org/resource/Kigali","845","Rwandan franc","http://dbpedia.org/resource/Rwandan_franc"
"Rwanda","http://dbpedia.org/resource/Rwanda","French","http://dbpedia.org/resource/French_language","59.5","Jul 1962","Donat Kaberuka","Kagali","http://dbpedia.org/resource/Kigali","845","Rwandan franc","http://dbpedia.org/resource/Rwandan_franc"
"Sao Tome and Principe","http://dbpedia.org/resource/Sao_Tome_and_Principe","Portuguese","http://dbpedia.org/resource/Portuguese_language","5.5","Jul 1975","Carlos Quaresma Batista","Sao Tome","http://dbpedia.org/resource/São_Tomé","305","Dobra","http://dbpedia.org/resource/São_Tomé_and_Príncipe_dobra"
"Senegal","http://dbpedia.org/resource/Senegal","French","http://dbpedia.org/resource/French_language","118.9","Aug 1960","Papa Ousmane Sakho","Dakar","http://dbpedia.org/resource/Dakar","1,439","CFA franc","http://dbpedia.org/resource/CFA_franc"
"Seychelles","http://dbpedia.org/resource/Seychelles","","","6.0","Jun 1976","James Michel","Victoria","http://dbpedia.org/resource/Victoria,_Seychelles","310","Seychelles rupee","http://dbpedia.org/resource/Seychellois_rupee"
"Sierra Leone","http://dbpedia.org/resource/Sierra_Leone","English","http://dbpedia.org/resource/English_language","77.2","Aug 1960","Thaimu Bangura","Freetown","http://dbpedia.org/resource/Freetown","1022","Leon","http://dbpedia.org/resource/Sierra_Leonean_leone"
"Somalia","http://dbpedia.org/resource/Somalia","Somali","http://dbpedia.org/resource/Somali_language","44.2","Jul 1961","Vacant","Mogadishu","http://dbpedia.org/resource/Mogadishu","692","Someli Shilling","http://dbpedia.org/resource/Somali_shilling"
"Somalia","http://dbpedia.org/resource/Somalia","Arabic","http://dbpedia.org/resource/Arabic","44.2","Jul 1961","Vacant","Mogadishu","http://dbpedia.org/resource/Mogadishu","692","Someli Shilling","http://dbpedia.org/resource/Somali_shilling"
"South Africa","http://dbpedia.org/resource/South_Africa","English...","http://dbpedia.org/resource/English_language","1,365.4","May 1910","Christian Lodewyk Stals","Pretoria","http://dbpedia.org/resource/Pretoria","13,904","Rand","http://dbpedia.org/resource/South_African_rand"
"Sudan","http://dbpedia.org/resource/Sudan","Arabic","http://dbpedia.org/resource/Arabic","169.7","Jan 1956","Vacant","Khartoum","http://dbpedia.org/resource/Khartoum","000","Sudanese dinar","http://dbpedia.org/resource/Sudanese_dinar"
"Swaziland","http://dbpedia.org/resource/Swaziland","Swazi","http://dbpedia.org/resource/Swazi_language","36.5","Sep 1968","Themba N. Mashuka","Mbabane","http://dbpedia.org/resource/Mbabane","615","Lulangeni","http://dbpedia.org/resource/Swazi_lilangeni"
"Swaziland","http://dbpedia.org/resource/Swaziland","English","http://dbpedia.org/resource/English_language","36.5","Sep 1968","Themba N. Mashuka","Mbabane","http://dbpedia.org/resource/Mbabane","615","Lulangeni","http://dbpedia.org/resource/Swazi_lilangeni"
"Tanzania","http://dbpedia.org/resource/Tanzania","Swahili","http://dbpedia.org/resource/Swahili_language","146.9","Dec 1961","Daniel N. Yona","Dar es Salaam","http://dbpedia.org/resource/Dar_es_Salaam","1,719","Tansanian shilling","http://dbpedia.org/resource/Tanzanian_shilling"
"Tanzania","http://dbpedia.org/resource/Tanzania","English","http://dbpedia.org/resource/English_language","146.9","Dec 1961","Daniel N. Yona","Dar es Salaam","http://dbpedia.org/resource/Dar_es_Salaam","1,719","Tansanian shilling","http://dbpedia.org/resource/Tanzanian_shilling"
"Togo","http://dbpedia.org/resource/Togo","French","http://dbpedia.org/resource/French_language","54.3","Apr 1960","Barry Moussa Barque","Lome","http://dbpedia.org/resource/Lomé","793","CFA franc","http://dbpedia.org/resource/CFA_franc"
"Tunisia","http://dbpedia.org/resource/Tunisia","Arabic","http://dbpedia.org/resource/Arabic","206.0","Mar 1956","Mohamed El Beji Hamda","Tunis","http://dbpedia.org/resource/Tunis","2,310","Dinar","http://dbpedia.org/resource/Tunisian_dinar"
"Uganda","http://dbpedia.org/resource/Uganda","Swahili","http://dbpedia.org/resource/Swahili_language","133.9","Oct 1962","Jehoash Mayanja-Nkangi","Kampela","http://dbpedia.org/resource/Kampala","1,589","Uganda shilling","http://dbpedia.org/resource/Ugandan_shilling"
"Uganda","http://dbpedia.org/resource/Uganda","English","http://dbpedia.org/resource/English_language","133.9","Oct 1962","Jehoash Mayanja-Nkangi","Kampela","http://dbpedia.org/resource/Kampala","1,589","Uganda shilling","http://dbpedia.org/resource/Ugandan_shilling"
"Zambia","http://dbpedia.org/resource/Zambia","English","http://dbpedia.org/resource/English_language","363.5","Oct 1964","Ronald Damson Siame Penza","Lusaka","http://dbpedia.org/resource/Lusaka","3,885","Zambian Kwacha","http://dbpedia.org/resource/Zambian_kwacha"
"Zambabwe","http://dbpedia.org/resource/Zimbabwe","English","http://dbpedia.org/resource/English_language","261.3","Sep 1980","Herbert Murerwa","Harare","http://dbpedia.org/resource/Harare","2,863","Zambabe dollar","http://dbpedia.org/resource/Zimbabwean_dollar"
