"product","product__URI","company","company__URI","industry","industry__URI","location","location__URI","revenue","country","country__URI"
"ITSM","http://dbpedia.org/resource/ITSM","Globant","http://dbpedia.org/resource/Globant","Software development","http://dbpedia.org/resource/Software_development","Luxembourg City","http://dbpedia.org/resource/Luxembourg_City","2.583E8","Luxembourg","http://dbpedia.org/resource/Luxembourg"
"Mainframe computer","http://dbpedia.org/resource/Mainframe_computer","Globant","http://dbpedia.org/resource/Globant","Software development","http://dbpedia.org/resource/Software_development","Luxembourg City","http://dbpedia.org/resource/Luxembourg_City","2.583E8","Luxembourg","http://dbpedia.org/resource/Luxembourg"
"Software Development","http://dbpedia.org/resource/Software_Development","Globant","http://dbpedia.org/resource/Globant","Software development","http://dbpedia.org/resource/Software_development","Luxembourg City","http://dbpedia.org/resource/Luxembourg_City","2.583E8","Luxembourg","http://dbpedia.org/resource/Luxembourg"
"Mobile application development","http://dbpedia.org/resource/Mobile_application_development","Globant","http://dbpedia.org/resource/Globant","Software development","http://dbpedia.org/resource/Software_development","Luxembourg City","http://dbpedia.org/resource/Luxembourg_City","2.583E8","Luxembourg","http://dbpedia.org/resource/Luxembourg"
"Social Networks","http://dbpedia.org/resource/Social_Networks","Globant","http://dbpedia.org/resource/Globant","Software development","http://dbpedia.org/resource/Software_development","Luxembourg City","http://dbpedia.org/resource/Luxembourg_City","2.583E8","Luxembourg","http://dbpedia.org/resource/Luxembourg"
"Knife","http://dbpedia.org/resource/Knife","Böker","http://dbpedia.org/resource/Böker","Manufacturing","http://dbpedia.org/resource/Manufacturing","Solingen","http://dbpedia.org/resource/Solingen","3.0E7","Germany","http://dbpedia.org/resource/Germany"
"Steel","http://dbpedia.org/resource/Steel","Ternium","http://dbpedia.org/resource/Ternium","Manufacturing","http://dbpedia.org/resource/Manufacturing","Luxembourg City","http://dbpedia.org/resource/Luxembourg_City","8.608E9","Luxembourg","http://dbpedia.org/resource/Luxembourg"
"Coke (fuel)","http://dbpedia.org/resource/Coke_(fuel)","Ternium","http://dbpedia.org/resource/Ternium","Manufacturing","http://dbpedia.org/resource/Manufacturing","Luxembourg City","http://dbpedia.org/resource/Luxembourg_City","8.608E9","Luxembourg","http://dbpedia.org/resource/Luxembourg"
"Cast iron","http://dbpedia.org/resource/Cast_iron","Ternium","http://dbpedia.org/resource/Ternium","Manufacturing","http://dbpedia.org/resource/Manufacturing","Luxembourg City","http://dbpedia.org/resource/Luxembourg_City","8.608E9","Luxembourg","http://dbpedia.org/resource/Luxembourg"
"Slag","http://dbpedia.org/resource/Slag","Ternium","http://dbpedia.org/resource/Ternium","Manufacturing","http://dbpedia.org/resource/Manufacturing","Luxembourg City","http://dbpedia.org/resource/Luxembourg_City","8.608E9","Luxembourg","http://dbpedia.org/resource/Luxembourg"
"Furniture","http://dbpedia.org/resource/Furniture","Friul Intagli Industries S.p.A.","http://dbpedia.org/resource/Friul_Intagli_Industries_S.p.A.","Manufacturing","http://dbpedia.org/resource/Manufacturing","Pordenone","http://dbpedia.org/resource/Pordenone","9.5E8","Italy","http://dbpedia.org/resource/Italy"
"Postage meters","http://dbpedia.org/resource/Postage_meters","Neopost","http://dbpedia.org/resource/Neopost","Manufacturing","http://dbpedia.org/resource/Manufacturing","Bagneux, Hauts-de-Seine","http://dbpedia.org/resource/Bagneux,_Hauts-de-Seine","1.096E9","France","http://dbpedia.org/resource/France"
"Document management system","http://dbpedia.org/resource/Document_management_system","Neopost","http://dbpedia.org/resource/Neopost","Manufacturing","http://dbpedia.org/resource/Manufacturing","Bagneux, Hauts-de-Seine","http://dbpedia.org/resource/Bagneux,_Hauts-de-Seine","1.096E9","France","http://dbpedia.org/resource/France"
"Franking machines","http://dbpedia.org/resource/Franking_machines","Neopost","http://dbpedia.org/resource/Neopost","Manufacturing","http://dbpedia.org/resource/Manufacturing","Bagneux, Hauts-de-Seine","http://dbpedia.org/resource/Bagneux,_Hauts-de-Seine","1.096E9","France","http://dbpedia.org/resource/France"
"Cake","http://dbpedia.org/resource/Cake","Dr. Oetker","http://dbpedia.org/resource/Dr._Oetker","Food processing","http://dbpedia.org/resource/Food_processing","Bielefeld","http://dbpedia.org/resource/Bielefeld","1.09E10","Germany","http://dbpedia.org/resource/Germany"
"Pudding","http://dbpedia.org/resource/Pudding","Dr. Oetker","http://dbpedia.org/resource/Dr._Oetker","Food processing","http://dbpedia.org/resource/Food_processing","Bielefeld","http://dbpedia.org/resource/Bielefeld","1.09E10","Germany","http://dbpedia.org/resource/Germany"
"Frozen pizza","http://dbpedia.org/resource/Frozen_pizza","Dr. Oetker","http://dbpedia.org/resource/Dr._Oetker","Food processing","http://dbpedia.org/resource/Food_processing","Bielefeld","http://dbpedia.org/resource/Bielefeld","1.09E10","Germany","http://dbpedia.org/resource/Germany"
"Baking powder","http://dbpedia.org/resource/Baking_powder","Dr. Oetker","http://dbpedia.org/resource/Dr._Oetker","Food processing","http://dbpedia.org/resource/Food_processing","Bielefeld","http://dbpedia.org/resource/Bielefeld","1.09E10","Germany","http://dbpedia.org/resource/Germany"
"Yogurt","http://dbpedia.org/resource/Yogurt","Dr. Oetker","http://dbpedia.org/resource/Dr._Oetker","Food processing","http://dbpedia.org/resource/Food_processing","Bielefeld","http://dbpedia.org/resource/Bielefeld","1.09E10","Germany","http://dbpedia.org/resource/Germany"
"Optical disc","http://dbpedia.org/resource/Optical_disc","Singulus Technologies","http://dbpedia.org/resource/Singulus_Technologies","Manufacturing","http://dbpedia.org/resource/Manufacturing","Kahl am Main","http://dbpedia.org/resource/Kahl_am_Main","1.182E8","Germany","http://dbpedia.org/resource/Germany"
"Photovoltaics","http://dbpedia.org/resource/Photovoltaics","Singulus Technologies","http://dbpedia.org/resource/Singulus_Technologies","Manufacturing","http://dbpedia.org/resource/Manufacturing","Kahl am Main","http://dbpedia.org/resource/Kahl_am_Main","1.182E8","Germany","http://dbpedia.org/resource/Germany"
"Diesel engine","http://dbpedia.org/resource/Diesel_engine","MAN SE","http://dbpedia.org/resource/MAN_SE","Manufacturing","http://dbpedia.org/resource/Manufacturing","Munich","http://dbpedia.org/resource/Munich","1.468E10","Germany","http://dbpedia.org/resource/Germany"
"Engine","http://dbpedia.org/resource/Engine","MAN SE","http://dbpedia.org/resource/MAN_SE","Manufacturing","http://dbpedia.org/resource/Manufacturing","Munich","http://dbpedia.org/resource/Munich","1.468E10","Germany","http://dbpedia.org/resource/Germany"
"Commercial vehicle","http://dbpedia.org/resource/Commercial_vehicle","MAN SE","http://dbpedia.org/resource/MAN_SE","Manufacturing","http://dbpedia.org/resource/Manufacturing","Munich","http://dbpedia.org/resource/Munich","1.468E10","Germany","http://dbpedia.org/resource/Germany"
"Turbomachinery","http://dbpedia.org/resource/Turbomachinery","MAN SE","http://dbpedia.org/resource/MAN_SE","Manufacturing","http://dbpedia.org/resource/Manufacturing","Munich","http://dbpedia.org/resource/Munich","1.468E10","Germany","http://dbpedia.org/resource/Germany"
"Unilever","http://dbpedia.org/resource/Unilever","Jerónimo Martins","http://dbpedia.org/resource/Jerónimo_Martins","Manufacturing","http://dbpedia.org/resource/Manufacturing","Lisbon","http://dbpedia.org/resource/Lisbon","1.498E10","Portugal","http://dbpedia.org/resource/Portugal"
"Rice","http://dbpedia.org/resource/Rice","Ebro Foods","http://dbpedia.org/resource/Ebro_Foods","Food processing","http://dbpedia.org/resource/Food_processing","Madrid","http://dbpedia.org/resource/Madrid","1.702E9","Spain","http://dbpedia.org/resource/Spain"
"Pasta","http://dbpedia.org/resource/Pasta","Ebro Foods","http://dbpedia.org/resource/Ebro_Foods","Food processing","http://dbpedia.org/resource/Food_processing","Madrid","http://dbpedia.org/resource/Madrid","1.702E9","Spain","http://dbpedia.org/resource/Spain"
"Food technology","http://dbpedia.org/resource/Food_technology","Ebro Foods","http://dbpedia.org/resource/Ebro_Foods","Food processing","http://dbpedia.org/resource/Food_processing","Madrid","http://dbpedia.org/resource/Madrid","1.702E9","Spain","http://dbpedia.org/resource/Spain"
"Sauce","http://dbpedia.org/resource/Sauce","Ebro Foods","http://dbpedia.org/resource/Ebro_Foods","Food processing","http://dbpedia.org/resource/Food_processing","Madrid","http://dbpedia.org/resource/Madrid","1.702E9","Spain","http://dbpedia.org/resource/Spain"
"Production line","http://dbpedia.org/resource/Production_line","KUKA","http://dbpedia.org/resource/KUKA","Automation","http://dbpedia.org/resource/Automation","Bavaria","http://dbpedia.org/resource/Bavaria","2.095E9","Germany","http://dbpedia.org/resource/Germany"
"Production line","http://dbpedia.org/resource/Production_line","KUKA","http://dbpedia.org/resource/KUKA","Automation","http://dbpedia.org/resource/Automation","Augsburg","http://dbpedia.org/resource/Augsburg","2.095E9","Germany","http://dbpedia.org/resource/Germany"
"Industrial robot","http://dbpedia.org/resource/Industrial_robot","KUKA","http://dbpedia.org/resource/KUKA","Automation","http://dbpedia.org/resource/Automation","Bavaria","http://dbpedia.org/resource/Bavaria","2.095E9","Germany","http://dbpedia.org/resource/Germany"
"Industrial robot","http://dbpedia.org/resource/Industrial_robot","KUKA","http://dbpedia.org/resource/KUKA","Automation","http://dbpedia.org/resource/Automation","Augsburg","http://dbpedia.org/resource/Augsburg","2.095E9","Germany","http://dbpedia.org/resource/Germany"
"Machine tool","http://dbpedia.org/resource/Machine_tool","DMG Mori Aktiengesellschaft","http://dbpedia.org/resource/DMG_Mori_Aktiengesellschaft","Manufacturing","http://dbpedia.org/resource/Manufacturing","Bielefeld","http://dbpedia.org/resource/Bielefeld","2.229E9","Germany","http://dbpedia.org/resource/Germany"
"Dairy products","http://dbpedia.org/resource/Dairy_products","Danone","http://dbpedia.org/resource/Danone","Food processing","http://dbpedia.org/resource/Food_processing","Paris","http://dbpedia.org/resource/Paris","2.2412E10","France","http://dbpedia.org/resource/France"
"Bottled water","http://dbpedia.org/resource/Bottled_water","Danone","http://dbpedia.org/resource/Danone","Food processing","http://dbpedia.org/resource/Food_processing","Paris","http://dbpedia.org/resource/Paris","2.2412E10","France","http://dbpedia.org/resource/France"
"Dairy products","http://dbpedia.org/resource/Dairy_products","Danone","http://dbpedia.org/resource/Danone","Food processing","http://dbpedia.org/resource/Food_processing","9th arrondissement of Paris","http://dbpedia.org/resource/9th_arrondissement_of_Paris","2.2412E10","France","http://dbpedia.org/resource/France"
"Bottled water","http://dbpedia.org/resource/Bottled_water","Danone","http://dbpedia.org/resource/Danone","Food processing","http://dbpedia.org/resource/Food_processing","9th arrondissement of Paris","http://dbpedia.org/resource/9th_arrondissement_of_Paris","2.2412E10","France","http://dbpedia.org/resource/France"
"Baby food","http://dbpedia.org/resource/Baby_food","Danone","http://dbpedia.org/resource/Danone","Food processing","http://dbpedia.org/resource/Food_processing","Paris","http://dbpedia.org/resource/Paris","2.2412E10","France","http://dbpedia.org/resource/France"
"Baby food","http://dbpedia.org/resource/Baby_food","Danone","http://dbpedia.org/resource/Danone","Food processing","http://dbpedia.org/resource/Food_processing","9th arrondissement of Paris","http://dbpedia.org/resource/9th_arrondissement_of_Paris","2.2412E10","France","http://dbpedia.org/resource/France"
"Printing","http://dbpedia.org/resource/Printing","Heidelberger Druckmaschinen","http://dbpedia.org/resource/Heidelberger_Druckmaschinen","Manufacturing","http://dbpedia.org/resource/Manufacturing","Heidelberg","http://dbpedia.org/resource/Heidelberg","2.512E9","Germany","http://dbpedia.org/resource/Germany"
"Printing press","http://dbpedia.org/resource/Printing_press","Heidelberger Druckmaschinen","http://dbpedia.org/resource/Heidelberger_Druckmaschinen","Manufacturing","http://dbpedia.org/resource/Manufacturing","Heidelberg","http://dbpedia.org/resource/Heidelberg","2.512E9","Germany","http://dbpedia.org/resource/Germany"
"Platesetter","http://dbpedia.org/resource/Platesetter","Heidelberger Druckmaschinen","http://dbpedia.org/resource/Heidelberger_Druckmaschinen","Manufacturing","http://dbpedia.org/resource/Manufacturing","Heidelberg","http://dbpedia.org/resource/Heidelberg","2.512E9","Germany","http://dbpedia.org/resource/Germany"
"Machine","http://dbpedia.org/resource/Machine","Krones","http://dbpedia.org/resource/Krones","Manufacturing","http://dbpedia.org/resource/Manufacturing","Neutraubling","http://dbpedia.org/resource/Neutraubling","2.82E9","Germany","http://dbpedia.org/resource/Germany"
"Canning","http://dbpedia.org/resource/Canning","Krones","http://dbpedia.org/resource/Krones","Manufacturing","http://dbpedia.org/resource/Manufacturing","Neutraubling","http://dbpedia.org/resource/Neutraubling","2.82E9","Germany","http://dbpedia.org/resource/Germany"
"Production line","http://dbpedia.org/resource/Production_line","Krones","http://dbpedia.org/resource/Krones","Manufacturing","http://dbpedia.org/resource/Manufacturing","Neutraubling","http://dbpedia.org/resource/Neutraubling","2.82E9","Germany","http://dbpedia.org/resource/Germany"
"Packaging","http://dbpedia.org/resource/Packaging","Krones","http://dbpedia.org/resource/Krones","Manufacturing","http://dbpedia.org/resource/Manufacturing","Neutraubling","http://dbpedia.org/resource/Neutraubling","2.82E9","Germany","http://dbpedia.org/resource/Germany"
"Product lifecycle management","http://dbpedia.org/resource/Product_lifecycle_management","Dassault Systèmes","http://dbpedia.org/resource/Dassault_Systèmes","Computer-aided engineering","http://dbpedia.org/resource/Computer-aided_engineering","Vélizy-Villacoublay","http://dbpedia.org/resource/Vélizy-Villacoublay","2.839E9","France","http://dbpedia.org/resource/France"
"Product lifecycle management","http://dbpedia.org/resource/Product_lifecycle_management","Dassault Systèmes","http://dbpedia.org/resource/Dassault_Systèmes","Computer-aided manufacturing","http://dbpedia.org/resource/Computer-aided_manufacturing","Vélizy-Villacoublay","http://dbpedia.org/resource/Vélizy-Villacoublay","2.839E9","France","http://dbpedia.org/resource/France"
"3D computer graphics","http://dbpedia.org/resource/3D_computer_graphics","Dassault Systèmes","http://dbpedia.org/resource/Dassault_Systèmes","Computer-aided manufacturing","http://dbpedia.org/resource/Computer-aided_manufacturing","Vélizy-Villacoublay","http://dbpedia.org/resource/Vélizy-Villacoublay","2.839E9","France","http://dbpedia.org/resource/France"
"3D computer graphics","http://dbpedia.org/resource/3D_computer_graphics","Dassault Systèmes","http://dbpedia.org/resource/Dassault_Systèmes","Computer-aided engineering","http://dbpedia.org/resource/Computer-aided_engineering","Vélizy-Villacoublay","http://dbpedia.org/resource/Vélizy-Villacoublay","2.839E9","France","http://dbpedia.org/resource/France"
"Industrial robot","http://dbpedia.org/resource/Industrial_robot","Universal Robots","http://dbpedia.org/resource/Universal_Robots","Automation","http://dbpedia.org/resource/Automation","Odense","http://dbpedia.org/resource/Odense","2.92E7","Denmark","http://dbpedia.org/resource/Denmark"
"Cable harness","http://dbpedia.org/resource/Cable_harness","Leoni AG","http://dbpedia.org/resource/Leoni_AG","Manufacturing","http://dbpedia.org/resource/Manufacturing","Nuremberg","http://dbpedia.org/resource/Nuremberg","2.956E9","Germany","http://dbpedia.org/resource/Germany"
"Power cable","http://dbpedia.org/resource/Power_cable","Leoni AG","http://dbpedia.org/resource/Leoni_AG","Manufacturing","http://dbpedia.org/resource/Manufacturing","Nuremberg","http://dbpedia.org/resource/Nuremberg","2.956E9","Germany","http://dbpedia.org/resource/Germany"
"Telecommunications cable","http://dbpedia.org/resource/Telecommunications_cable","Leoni AG","http://dbpedia.org/resource/Leoni_AG","Manufacturing","http://dbpedia.org/resource/Manufacturing","Nuremberg","http://dbpedia.org/resource/Nuremberg","2.956E9","Germany","http://dbpedia.org/resource/Germany"
"Bioethanol","http://dbpedia.org/resource/Bioethanol","Nordzucker","http://dbpedia.org/resource/Nordzucker","Food processing","http://dbpedia.org/resource/Food_processing","Braunschweig","http://dbpedia.org/resource/Braunschweig","2443.0","Germany","http://dbpedia.org/resource/Germany"
"Sugar","http://dbpedia.org/resource/Sugar","Nordzucker","http://dbpedia.org/resource/Nordzucker","Food processing","http://dbpedia.org/resource/Food_processing","Braunschweig","http://dbpedia.org/resource/Braunschweig","2443.0","Germany","http://dbpedia.org/resource/Germany"
"Animal feed","http://dbpedia.org/resource/Animal_feed","Nordzucker","http://dbpedia.org/resource/Nordzucker","Food processing","http://dbpedia.org/resource/Food_processing","Braunschweig","http://dbpedia.org/resource/Braunschweig","2443.0","Germany","http://dbpedia.org/resource/Germany"
"Physical plant","http://dbpedia.org/resource/Physical_plant","Danieli","http://dbpedia.org/resource/Danieli","Manufacturing","http://dbpedia.org/resource/Manufacturing","Buttrio","http://dbpedia.org/resource/Buttrio","2456.0","Italy","http://dbpedia.org/resource/Italy"
"Lead acid batteries","http://dbpedia.org/resource/Lead_acid_batteries","BAE Batterien","http://dbpedia.org/resource/BAE_Batterien","Manufacturing","http://dbpedia.org/resource/Manufacturing","Berlin","http://dbpedia.org/resource/Berlin","3.0E7","Germany","http://dbpedia.org/resource/Germany"
"Textile","http://dbpedia.org/resource/Textile","Prym","http://dbpedia.org/resource/Prym","Manufacturing","http://dbpedia.org/resource/Manufacturing","Stolberg (Rhineland)","http://dbpedia.org/resource/Stolberg_(Rhineland)","3.57E8","Germany","http://dbpedia.org/resource/Germany"
"Materials science","http://dbpedia.org/resource/Materials_science","Prym","http://dbpedia.org/resource/Prym","Manufacturing","http://dbpedia.org/resource/Manufacturing","Stolberg (Rhineland)","http://dbpedia.org/resource/Stolberg_(Rhineland)","3.57E8","Germany","http://dbpedia.org/resource/Germany"
"Mechatronics","http://dbpedia.org/resource/Mechatronics","Prym","http://dbpedia.org/resource/Prym","Manufacturing","http://dbpedia.org/resource/Manufacturing","Stolberg (Rhineland)","http://dbpedia.org/resource/Stolberg_(Rhineland)","3.57E8","Germany","http://dbpedia.org/resource/Germany"
"Haberdashery","http://dbpedia.org/resource/Haberdashery","Prym","http://dbpedia.org/resource/Prym","Manufacturing","http://dbpedia.org/resource/Manufacturing","Stolberg (Rhineland)","http://dbpedia.org/resource/Stolberg_(Rhineland)","3.57E8","Germany","http://dbpedia.org/resource/Germany"
"White goods","http://dbpedia.org/resource/White_goods","Pitsos","http://dbpedia.org/resource/Pitsos","Manufacturing","http://dbpedia.org/resource/Manufacturing","Kifissia","http://dbpedia.org/resource/Kifissia","4.0847E8","Greece","http://dbpedia.org/resource/Greece"
"Wire","http://dbpedia.org/resource/Wire","Bekaert","http://dbpedia.org/resource/Bekaert","Manufacturing","http://dbpedia.org/resource/Manufacturing","Kortrijk","http://dbpedia.org/resource/Kortrijk","4.4E9","Belgium","http://dbpedia.org/resource/Belgium"
"Coating","http://dbpedia.org/resource/Coating","Bekaert","http://dbpedia.org/resource/Bekaert","Manufacturing","http://dbpedia.org/resource/Manufacturing","Kortrijk","http://dbpedia.org/resource/Kortrijk","4.4E9","Belgium","http://dbpedia.org/resource/Belgium"
"Materials science","http://dbpedia.org/resource/Materials_science","Bekaert","http://dbpedia.org/resource/Bekaert","Manufacturing","http://dbpedia.org/resource/Manufacturing","Kortrijk","http://dbpedia.org/resource/Kortrijk","4.4E9","Belgium","http://dbpedia.org/resource/Belgium"
"Gas turbine","http://dbpedia.org/resource/Gas_turbine","MTU Aero Engines","http://dbpedia.org/resource/MTU_Aero_Engines","Aerospace manufacturer","http://dbpedia.org/resource/Aerospace_manufacturer","Munich","http://dbpedia.org/resource/Munich","4.4E9","Germany","http://dbpedia.org/resource/Germany"
"Maintenance, repair, and operations","http://dbpedia.org/resource/Maintenance,_repair,_and_operations","MTU Aero Engines","http://dbpedia.org/resource/MTU_Aero_Engines","Aerospace manufacturer","http://dbpedia.org/resource/Aerospace_manufacturer","Munich","http://dbpedia.org/resource/Munich","4.4E9","Germany","http://dbpedia.org/resource/Germany"
"Military aviation","http://dbpedia.org/resource/Military_aviation","MTU Aero Engines","http://dbpedia.org/resource/MTU_Aero_Engines","Aerospace manufacturer","http://dbpedia.org/resource/Aerospace_manufacturer","Munich","http://dbpedia.org/resource/Munich","4.4E9","Germany","http://dbpedia.org/resource/Germany"
"Furniture","http://dbpedia.org/resource/Furniture","Natuzzi","http://dbpedia.org/resource/Natuzzi","Manufacturing","http://dbpedia.org/resource/Manufacturing","Santeramo in Colle","http://dbpedia.org/resource/Santeramo_in_Colle","4.885E8","Italy","http://dbpedia.org/resource/Italy"
"Steel","http://dbpedia.org/resource/Steel","Vallourec","http://dbpedia.org/resource/Vallourec","Manufacturing","http://dbpedia.org/resource/Manufacturing","Paris","http://dbpedia.org/resource/Paris","5.701E9","France","http://dbpedia.org/resource/France"
"Machine tool","http://dbpedia.org/resource/Machine_tool","Gebr. Heller","http://dbpedia.org/resource/Gebr._Heller","Manufacturing","http://dbpedia.org/resource/Manufacturing","Nürtingen","http://dbpedia.org/resource/Nürtingen","559.0","Germany","http://dbpedia.org/resource/Germany"
"Catering","http://dbpedia.org/resource/Catering","Rational AG","http://dbpedia.org/resource/Rational_AG","Manufacturing","http://dbpedia.org/resource/Manufacturing","Landsberg am Lech","http://dbpedia.org/resource/Landsberg_am_Lech","564.0","Germany","http://dbpedia.org/resource/Germany"
"Oven","http://dbpedia.org/resource/Oven","Rational AG","http://dbpedia.org/resource/Rational_AG","Manufacturing","http://dbpedia.org/resource/Manufacturing","Landsberg am Lech","http://dbpedia.org/resource/Landsberg_am_Lech","564.0","Germany","http://dbpedia.org/resource/Germany"
"Paper","http://dbpedia.org/resource/Paper","Fedrigoni","http://dbpedia.org/resource/Fedrigoni","Manufacturing","http://dbpedia.org/resource/Manufacturing","Verona","http://dbpedia.org/resource/Verona","6.26E8","Italy","http://dbpedia.org/resource/Italy"
"Helicopter","http://dbpedia.org/resource/Helicopter","Airbus Helicopters","http://dbpedia.org/resource/Airbus_Helicopters","Aerospace manufacturer","http://dbpedia.org/resource/Aerospace_manufacturer","Marignane","http://dbpedia.org/resource/Marignane","6.3E9","France","http://dbpedia.org/resource/France"
"Dairy product","http://dbpedia.org/resource/Dairy_product","Parmalat","http://dbpedia.org/resource/Parmalat","Food processing","http://dbpedia.org/resource/Food_processing","Collecchio","http://dbpedia.org/resource/Collecchio","6.416E9","Italy","http://dbpedia.org/resource/Italy"
"Juice","http://dbpedia.org/resource/Juice","Parmalat","http://dbpedia.org/resource/Parmalat","Food processing","http://dbpedia.org/resource/Food_processing","Collecchio","http://dbpedia.org/resource/Collecchio","6.416E9","Italy","http://dbpedia.org/resource/Italy"
"Power cable","http://dbpedia.org/resource/Power_cable","Nexans","http://dbpedia.org/resource/Nexans","Manufacturing","http://dbpedia.org/resource/Manufacturing","Paris","http://dbpedia.org/resource/Paris","6.7E9","France","http://dbpedia.org/resource/France"
"Telecommunications cable","http://dbpedia.org/resource/Telecommunications_cable","Nexans","http://dbpedia.org/resource/Nexans","Manufacturing","http://dbpedia.org/resource/Manufacturing","Paris","http://dbpedia.org/resource/Paris","6.7E9","France","http://dbpedia.org/resource/France"
"Conveyor belt","http://dbpedia.org/resource/Conveyor_belt","Semperit","http://dbpedia.org/resource/Semperit","Manufacturing","http://dbpedia.org/resource/Manufacturing","Vienna","http://dbpedia.org/resource/Vienna","6.894E8","Austria","http://dbpedia.org/resource/Austria"
"Glove","http://dbpedia.org/resource/Glove","Semperit","http://dbpedia.org/resource/Semperit","Manufacturing","http://dbpedia.org/resource/Manufacturing","Vienna","http://dbpedia.org/resource/Vienna","6.894E8","Austria","http://dbpedia.org/resource/Austria"
"Hose (tubing)","http://dbpedia.org/resource/Hose_(tubing)","Semperit","http://dbpedia.org/resource/Semperit","Manufacturing","http://dbpedia.org/resource/Manufacturing","Vienna","http://dbpedia.org/resource/Vienna","6.894E8","Austria","http://dbpedia.org/resource/Austria"
"Medical glove","http://dbpedia.org/resource/Medical_glove","Semperit","http://dbpedia.org/resource/Semperit","Manufacturing","http://dbpedia.org/resource/Manufacturing","Vienna","http://dbpedia.org/resource/Vienna","6.894E8","Austria","http://dbpedia.org/resource/Austria"
"Rubber","http://dbpedia.org/resource/Rubber","Semperit","http://dbpedia.org/resource/Semperit","Manufacturing","http://dbpedia.org/resource/Manufacturing","Vienna","http://dbpedia.org/resource/Vienna","6.894E8","Austria","http://dbpedia.org/resource/Austria"
"Electric power transmission","http://dbpedia.org/resource/Electric_power_transmission","Prysmian Group","http://dbpedia.org/resource/Prysmian_Group","Manufacturing","http://dbpedia.org/resource/Manufacturing","Milan","http://dbpedia.org/resource/Milan","7.273E9","Italy","http://dbpedia.org/resource/Italy"
"Telecommunications cable","http://dbpedia.org/resource/Telecommunications_cable","Prysmian Group","http://dbpedia.org/resource/Prysmian_Group","Manufacturing","http://dbpedia.org/resource/Manufacturing","Milan","http://dbpedia.org/resource/Milan","7.273E9","Italy","http://dbpedia.org/resource/Italy"
"Biofuel","http://dbpedia.org/resource/Biofuel","Südzucker","http://dbpedia.org/resource/Südzucker","Food processing","http://dbpedia.org/resource/Food_processing","Mannheim","http://dbpedia.org/resource/Mannheim","7.735E9","Germany","http://dbpedia.org/resource/Germany"
"Fruit","http://dbpedia.org/resource/Fruit","Südzucker","http://dbpedia.org/resource/Südzucker","Food processing","http://dbpedia.org/resource/Food_processing","Mannheim","http://dbpedia.org/resource/Mannheim","7.735E9","Germany","http://dbpedia.org/resource/Germany"
"Pizza","http://dbpedia.org/resource/Pizza","Südzucker","http://dbpedia.org/resource/Südzucker","Food processing","http://dbpedia.org/resource/Food_processing","Mannheim","http://dbpedia.org/resource/Mannheim","7.735E9","Germany","http://dbpedia.org/resource/Germany"
"Starch","http://dbpedia.org/resource/Starch","Südzucker","http://dbpedia.org/resource/Südzucker","Food processing","http://dbpedia.org/resource/Food_processing","Mannheim","http://dbpedia.org/resource/Mannheim","7.735E9","Germany","http://dbpedia.org/resource/Germany"
"Sugar","http://dbpedia.org/resource/Sugar","Südzucker","http://dbpedia.org/resource/Südzucker","Food processing","http://dbpedia.org/resource/Food_processing","Mannheim","http://dbpedia.org/resource/Mannheim","7.735E9","Germany","http://dbpedia.org/resource/Germany"
"Frozen food","http://dbpedia.org/resource/Frozen_food","Südzucker","http://dbpedia.org/resource/Südzucker","Food processing","http://dbpedia.org/resource/Food_processing","Mannheim","http://dbpedia.org/resource/Mannheim","7.735E9","Germany","http://dbpedia.org/resource/Germany"
"Heat shield","http://dbpedia.org/resource/Heat_shield","ElringKlinger","http://dbpedia.org/resource/ElringKlinger","Manufacturing","http://dbpedia.org/resource/Manufacturing","Dettingen an der Erms","http://dbpedia.org/resource/Dettingen_an_der_Erms","7.957E8","Germany","http://dbpedia.org/resource/Germany"
"Exhaust system","http://dbpedia.org/resource/Exhaust_system","ElringKlinger","http://dbpedia.org/resource/ElringKlinger","Manufacturing","http://dbpedia.org/resource/Manufacturing","Dettingen an der Erms","http://dbpedia.org/resource/Dettingen_an_der_Erms","7.957E8","Germany","http://dbpedia.org/resource/Germany"
"Auto parts","http://dbpedia.org/resource/Auto_parts","ElringKlinger","http://dbpedia.org/resource/ElringKlinger","Manufacturing","http://dbpedia.org/resource/Manufacturing","Dettingen an der Erms","http://dbpedia.org/resource/Dettingen_an_der_Erms","7.957E8","Germany","http://dbpedia.org/resource/Germany"
"Folding bicycle","http://dbpedia.org/resource/Folding_bicycle","Brompton Bicycle","http://dbpedia.org/resource/Brompton_Bicycle","Manufacturing","http://dbpedia.org/resource/Manufacturing","Brentford","http://dbpedia.org/resource/Brentford","1.0E7","United Kingdom","http://dbpedia.org/resource/United_Kingdom"
"Duvet","http://dbpedia.org/resource/Duvet","Dreams (bed retailer)","http://dbpedia.org/resource/Dreams_(bed_retailer)","Manufacturing","http://dbpedia.org/resource/Manufacturing","High Wycombe","http://dbpedia.org/resource/High_Wycombe","194.0","United Kingdom","http://dbpedia.org/resource/United_Kingdom"
"Duvet","http://dbpedia.org/resource/Duvet","Dreams (bed retailer)","http://dbpedia.org/resource/Dreams_(bed_retailer)","Manufacturing","http://dbpedia.org/resource/Manufacturing","Loudwater, Buckinghamshire","http://dbpedia.org/resource/Loudwater,_Buckinghamshire","194.0","United Kingdom","http://dbpedia.org/resource/United_Kingdom"
"Duvet","http://dbpedia.org/resource/Duvet","Dreams (bed retailer)","http://dbpedia.org/resource/Dreams_(bed_retailer)","Manufacturing","http://dbpedia.org/resource/Manufacturing","Buckinghamshire","http://dbpedia.org/resource/Buckinghamshire","194.0","United Kingdom","http://dbpedia.org/resource/United_Kingdom"
"Bedstead","http://dbpedia.org/resource/Bedstead","Dreams (bed retailer)","http://dbpedia.org/resource/Dreams_(bed_retailer)","Manufacturing","http://dbpedia.org/resource/Manufacturing","High Wycombe","http://dbpedia.org/resource/High_Wycombe","194.0","United Kingdom","http://dbpedia.org/resource/United_Kingdom"
"Bedstead","http://dbpedia.org/resource/Bedstead","Dreams (bed retailer)","http://dbpedia.org/resource/Dreams_(bed_retailer)","Manufacturing","http://dbpedia.org/resource/Manufacturing","Loudwater, Buckinghamshire","http://dbpedia.org/resource/Loudwater,_Buckinghamshire","194.0","United Kingdom","http://dbpedia.org/resource/United_Kingdom"
"Bedstead","http://dbpedia.org/resource/Bedstead","Dreams (bed retailer)","http://dbpedia.org/resource/Dreams_(bed_retailer)","Manufacturing","http://dbpedia.org/resource/Manufacturing","Buckinghamshire","http://dbpedia.org/resource/Buckinghamshire","194.0","United Kingdom","http://dbpedia.org/resource/United_Kingdom"
"Bed","http://dbpedia.org/resource/Bed","Dreams (bed retailer)","http://dbpedia.org/resource/Dreams_(bed_retailer)","Manufacturing","http://dbpedia.org/resource/Manufacturing","High Wycombe","http://dbpedia.org/resource/High_Wycombe","194.0","United Kingdom","http://dbpedia.org/resource/United_Kingdom"
"Bed","http://dbpedia.org/resource/Bed","Dreams (bed retailer)","http://dbpedia.org/resource/Dreams_(bed_retailer)","Manufacturing","http://dbpedia.org/resource/Manufacturing","Loudwater, Buckinghamshire","http://dbpedia.org/resource/Loudwater,_Buckinghamshire","194.0","United Kingdom","http://dbpedia.org/resource/United_Kingdom"
"Bed","http://dbpedia.org/resource/Bed","Dreams (bed retailer)","http://dbpedia.org/resource/Dreams_(bed_retailer)","Manufacturing","http://dbpedia.org/resource/Manufacturing","Buckinghamshire","http://dbpedia.org/resource/Buckinghamshire","194.0","United Kingdom","http://dbpedia.org/resource/United_Kingdom"
"Futon","http://dbpedia.org/resource/Futon","Dreams (bed retailer)","http://dbpedia.org/resource/Dreams_(bed_retailer)","Manufacturing","http://dbpedia.org/resource/Manufacturing","High Wycombe","http://dbpedia.org/resource/High_Wycombe","194.0","United Kingdom","http://dbpedia.org/resource/United_Kingdom"
"Futon","http://dbpedia.org/resource/Futon","Dreams (bed retailer)","http://dbpedia.org/resource/Dreams_(bed_retailer)","Manufacturing","http://dbpedia.org/resource/Manufacturing","Loudwater, Buckinghamshire","http://dbpedia.org/resource/Loudwater,_Buckinghamshire","194.0","United Kingdom","http://dbpedia.org/resource/United_Kingdom"
"Futon","http://dbpedia.org/resource/Futon","Dreams (bed retailer)","http://dbpedia.org/resource/Dreams_(bed_retailer)","Manufacturing","http://dbpedia.org/resource/Manufacturing","Buckinghamshire","http://dbpedia.org/resource/Buckinghamshire","194.0","United Kingdom","http://dbpedia.org/resource/United_Kingdom"
"Pillows","http://dbpedia.org/resource/Pillows","Dreams (bed retailer)","http://dbpedia.org/resource/Dreams_(bed_retailer)","Manufacturing","http://dbpedia.org/resource/Manufacturing","High Wycombe","http://dbpedia.org/resource/High_Wycombe","194.0","United Kingdom","http://dbpedia.org/resource/United_Kingdom"
"Pillows","http://dbpedia.org/resource/Pillows","Dreams (bed retailer)","http://dbpedia.org/resource/Dreams_(bed_retailer)","Manufacturing","http://dbpedia.org/resource/Manufacturing","Loudwater, Buckinghamshire","http://dbpedia.org/resource/Loudwater,_Buckinghamshire","194.0","United Kingdom","http://dbpedia.org/resource/United_Kingdom"
"Pillows","http://dbpedia.org/resource/Pillows","Dreams (bed retailer)","http://dbpedia.org/resource/Dreams_(bed_retailer)","Manufacturing","http://dbpedia.org/resource/Manufacturing","Buckinghamshire","http://dbpedia.org/resource/Buckinghamshire","194.0","United Kingdom","http://dbpedia.org/resource/United_Kingdom"
"Mattress","http://dbpedia.org/resource/Mattress","Dreams (bed retailer)","http://dbpedia.org/resource/Dreams_(bed_retailer)","Manufacturing","http://dbpedia.org/resource/Manufacturing","High Wycombe","http://dbpedia.org/resource/High_Wycombe","194.0","United Kingdom","http://dbpedia.org/resource/United_Kingdom"
"Mattress","http://dbpedia.org/resource/Mattress","Dreams (bed retailer)","http://dbpedia.org/resource/Dreams_(bed_retailer)","Manufacturing","http://dbpedia.org/resource/Manufacturing","Loudwater, Buckinghamshire","http://dbpedia.org/resource/Loudwater,_Buckinghamshire","194.0","United Kingdom","http://dbpedia.org/resource/United_Kingdom"
"Mattress","http://dbpedia.org/resource/Mattress","Dreams (bed retailer)","http://dbpedia.org/resource/Dreams_(bed_retailer)","Manufacturing","http://dbpedia.org/resource/Manufacturing","Buckinghamshire","http://dbpedia.org/resource/Buckinghamshire","194.0","United Kingdom","http://dbpedia.org/resource/United_Kingdom"
"AVEVA","http://dbpedia.org/resource/AVEVA","Aveva","http://dbpedia.org/resource/Aveva","Computer-aided manufacturing","http://dbpedia.org/resource/Computer-aided_manufacturing","Cambridge","http://dbpedia.org/resource/Cambridge","2.087E8","United Kingdom","http://dbpedia.org/resource/United_Kingdom"
"Health care industry","http://dbpedia.org/resource/Health_care_industry","Devro","http://dbpedia.org/resource/Devro","Food processing","http://dbpedia.org/resource/Food_processing","Chryston","http://dbpedia.org/resource/Chryston","2.323E8","United Kingdom","http://dbpedia.org/resource/United_Kingdom"
"Health care industry","http://dbpedia.org/resource/Health_care_industry","Devro","http://dbpedia.org/resource/Devro","Food processing","http://dbpedia.org/resource/Food_processing","Moodiesburn","http://dbpedia.org/resource/Moodiesburn","2.323E8","United Kingdom","http://dbpedia.org/resource/United_Kingdom"
"Collagen","http://dbpedia.org/resource/Collagen","Devro","http://dbpedia.org/resource/Devro","Food processing","http://dbpedia.org/resource/Food_processing","Chryston","http://dbpedia.org/resource/Chryston","2.323E8","United Kingdom","http://dbpedia.org/resource/United_Kingdom"
"Collagen","http://dbpedia.org/resource/Collagen","Devro","http://dbpedia.org/resource/Devro","Food processing","http://dbpedia.org/resource/Food_processing","Moodiesburn","http://dbpedia.org/resource/Moodiesburn","2.323E8","United Kingdom","http://dbpedia.org/resource/United_Kingdom"
"Cosmetics","http://dbpedia.org/resource/Cosmetics","Devro","http://dbpedia.org/resource/Devro","Food processing","http://dbpedia.org/resource/Food_processing","Chryston","http://dbpedia.org/resource/Chryston","2.323E8","United Kingdom","http://dbpedia.org/resource/United_Kingdom"
"Cosmetics","http://dbpedia.org/resource/Cosmetics","Devro","http://dbpedia.org/resource/Devro","Food processing","http://dbpedia.org/resource/Food_processing","Moodiesburn","http://dbpedia.org/resource/Moodiesburn","2.323E8","United Kingdom","http://dbpedia.org/resource/United_Kingdom"
"Rubber","http://dbpedia.org/resource/Rubber","Avon Rubber","http://dbpedia.org/resource/Avon_Rubber","Manufacturing","http://dbpedia.org/resource/Manufacturing","Melksham","http://dbpedia.org/resource/Melksham","5.5E7","United Kingdom","http://dbpedia.org/resource/United_Kingdom"
"Rubber","http://dbpedia.org/resource/Rubber","Avon Rubber","http://dbpedia.org/resource/Avon_Rubber","Manufacturing","http://dbpedia.org/resource/Manufacturing","Wiltshire","http://dbpedia.org/resource/Wiltshire","5.5E7","United Kingdom","http://dbpedia.org/resource/United_Kingdom"
"Furniture","http://dbpedia.org/resource/Furniture","Dunelm Group","http://dbpedia.org/resource/Dunelm_Group","Manufacturing","http://dbpedia.org/resource/Manufacturing","Syston","http://dbpedia.org/resource/Syston","8.358E8","United Kingdom","http://dbpedia.org/resource/United_Kingdom"
"Furniture","http://dbpedia.org/resource/Furniture","Dunelm Group","http://dbpedia.org/resource/Dunelm_Group","Manufacturing","http://dbpedia.org/resource/Manufacturing","Leicestershire","http://dbpedia.org/resource/Leicestershire","8.358E8","United Kingdom","http://dbpedia.org/resource/United_Kingdom"
"Beanbags","http://dbpedia.org/resource/Beanbags","Dunelm Group","http://dbpedia.org/resource/Dunelm_Group","Manufacturing","http://dbpedia.org/resource/Manufacturing","Syston","http://dbpedia.org/resource/Syston","8.358E8","United Kingdom","http://dbpedia.org/resource/United_Kingdom"
"Beanbags","http://dbpedia.org/resource/Beanbags","Dunelm Group","http://dbpedia.org/resource/Dunelm_Group","Manufacturing","http://dbpedia.org/resource/Manufacturing","Leicestershire","http://dbpedia.org/resource/Leicestershire","8.358E8","United Kingdom","http://dbpedia.org/resource/United_Kingdom"
"Mirror","http://dbpedia.org/resource/Mirror","Dunelm Group","http://dbpedia.org/resource/Dunelm_Group","Manufacturing","http://dbpedia.org/resource/Manufacturing","Syston","http://dbpedia.org/resource/Syston","8.358E8","United Kingdom","http://dbpedia.org/resource/United_Kingdom"
"Mirror","http://dbpedia.org/resource/Mirror","Dunelm Group","http://dbpedia.org/resource/Dunelm_Group","Manufacturing","http://dbpedia.org/resource/Manufacturing","Leicestershire","http://dbpedia.org/resource/Leicestershire","8.358E8","United Kingdom","http://dbpedia.org/resource/United_Kingdom"
"Carpet","http://dbpedia.org/resource/Carpet","Dunelm Group","http://dbpedia.org/resource/Dunelm_Group","Manufacturing","http://dbpedia.org/resource/Manufacturing","Syston","http://dbpedia.org/resource/Syston","8.358E8","United Kingdom","http://dbpedia.org/resource/United_Kingdom"
"Carpet","http://dbpedia.org/resource/Carpet","Dunelm Group","http://dbpedia.org/resource/Dunelm_Group","Manufacturing","http://dbpedia.org/resource/Manufacturing","Leicestershire","http://dbpedia.org/resource/Leicestershire","8.358E8","United Kingdom","http://dbpedia.org/resource/United_Kingdom"
"Crafts","http://dbpedia.org/resource/Crafts","Dunelm Group","http://dbpedia.org/resource/Dunelm_Group","Manufacturing","http://dbpedia.org/resource/Manufacturing","Syston","http://dbpedia.org/resource/Syston","8.358E8","United Kingdom","http://dbpedia.org/resource/United_Kingdom"
"Crafts","http://dbpedia.org/resource/Crafts","Dunelm Group","http://dbpedia.org/resource/Dunelm_Group","Manufacturing","http://dbpedia.org/resource/Manufacturing","Leicestershire","http://dbpedia.org/resource/Leicestershire","8.358E8","United Kingdom","http://dbpedia.org/resource/United_Kingdom"
"Quilt","http://dbpedia.org/resource/Quilt","Dunelm Group","http://dbpedia.org/resource/Dunelm_Group","Manufacturing","http://dbpedia.org/resource/Manufacturing","Syston","http://dbpedia.org/resource/Syston","8.358E8","United Kingdom","http://dbpedia.org/resource/United_Kingdom"
"Quilt","http://dbpedia.org/resource/Quilt","Dunelm Group","http://dbpedia.org/resource/Dunelm_Group","Manufacturing","http://dbpedia.org/resource/Manufacturing","Leicestershire","http://dbpedia.org/resource/Leicestershire","8.358E8","United Kingdom","http://dbpedia.org/resource/United_Kingdom"
"Blinds","http://dbpedia.org/resource/Blinds","Dunelm Group","http://dbpedia.org/resource/Dunelm_Group","Manufacturing","http://dbpedia.org/resource/Manufacturing","Syston","http://dbpedia.org/resource/Syston","8.358E8","United Kingdom","http://dbpedia.org/resource/United_Kingdom"
"Blinds","http://dbpedia.org/resource/Blinds","Dunelm Group","http://dbpedia.org/resource/Dunelm_Group","Manufacturing","http://dbpedia.org/resource/Manufacturing","Leicestershire","http://dbpedia.org/resource/Leicestershire","8.358E8","United Kingdom","http://dbpedia.org/resource/United_Kingdom"
"Dining","http://dbpedia.org/resource/Dining","Dunelm Group","http://dbpedia.org/resource/Dunelm_Group","Manufacturing","http://dbpedia.org/resource/Manufacturing","Syston","http://dbpedia.org/resource/Syston","8.358E8","United Kingdom","http://dbpedia.org/resource/United_Kingdom"
"Dining","http://dbpedia.org/resource/Dining","Dunelm Group","http://dbpedia.org/resource/Dunelm_Group","Manufacturing","http://dbpedia.org/resource/Manufacturing","Leicestershire","http://dbpedia.org/resource/Leicestershire","8.358E8","United Kingdom","http://dbpedia.org/resource/United_Kingdom"
"Decor","http://dbpedia.org/resource/Decor","Dunelm Group","http://dbpedia.org/resource/Dunelm_Group","Manufacturing","http://dbpedia.org/resource/Manufacturing","Syston","http://dbpedia.org/resource/Syston","8.358E8","United Kingdom","http://dbpedia.org/resource/United_Kingdom"
"Decor","http://dbpedia.org/resource/Decor","Dunelm Group","http://dbpedia.org/resource/Dunelm_Group","Manufacturing","http://dbpedia.org/resource/Manufacturing","Leicestershire","http://dbpedia.org/resource/Leicestershire","8.358E8","United Kingdom","http://dbpedia.org/resource/United_Kingdom"
"Pictures","http://dbpedia.org/resource/Pictures","Dunelm Group","http://dbpedia.org/resource/Dunelm_Group","Manufacturing","http://dbpedia.org/resource/Manufacturing","Syston","http://dbpedia.org/resource/Syston","8.358E8","United Kingdom","http://dbpedia.org/resource/United_Kingdom"
"Pictures","http://dbpedia.org/resource/Pictures","Dunelm Group","http://dbpedia.org/resource/Dunelm_Group","Manufacturing","http://dbpedia.org/resource/Manufacturing","Leicestershire","http://dbpedia.org/resource/Leicestershire","8.358E8","United Kingdom","http://dbpedia.org/resource/United_Kingdom"
"Lighting","http://dbpedia.org/resource/Lighting","Dunelm Group","http://dbpedia.org/resource/Dunelm_Group","Manufacturing","http://dbpedia.org/resource/Manufacturing","Syston","http://dbpedia.org/resource/Syston","8.358E8","United Kingdom","http://dbpedia.org/resource/United_Kingdom"
"Lighting","http://dbpedia.org/resource/Lighting","Dunelm Group","http://dbpedia.org/resource/Dunelm_Group","Manufacturing","http://dbpedia.org/resource/Manufacturing","Leicestershire","http://dbpedia.org/resource/Leicestershire","8.358E8","United Kingdom","http://dbpedia.org/resource/United_Kingdom"
"Bathroom","http://dbpedia.org/resource/Bathroom","Dunelm Group","http://dbpedia.org/resource/Dunelm_Group","Manufacturing","http://dbpedia.org/resource/Manufacturing","Syston","http://dbpedia.org/resource/Syston","8.358E8","United Kingdom","http://dbpedia.org/resource/United_Kingdom"
"Bathroom","http://dbpedia.org/resource/Bathroom","Dunelm Group","http://dbpedia.org/resource/Dunelm_Group","Manufacturing","http://dbpedia.org/resource/Manufacturing","Leicestershire","http://dbpedia.org/resource/Leicestershire","8.358E8","United Kingdom","http://dbpedia.org/resource/United_Kingdom"
"Fabrics","http://dbpedia.org/resource/Fabrics","Dunelm Group","http://dbpedia.org/resource/Dunelm_Group","Manufacturing","http://dbpedia.org/resource/Manufacturing","Syston","http://dbpedia.org/resource/Syston","8.358E8","United Kingdom","http://dbpedia.org/resource/United_Kingdom"
"Fabrics","http://dbpedia.org/resource/Fabrics","Dunelm Group","http://dbpedia.org/resource/Dunelm_Group","Manufacturing","http://dbpedia.org/resource/Manufacturing","Leicestershire","http://dbpedia.org/resource/Leicestershire","8.358E8","United Kingdom","http://dbpedia.org/resource/United_Kingdom"
"Pillows","http://dbpedia.org/resource/Pillows","Dunelm Group","http://dbpedia.org/resource/Dunelm_Group","Manufacturing","http://dbpedia.org/resource/Manufacturing","Syston","http://dbpedia.org/resource/Syston","8.358E8","United Kingdom","http://dbpedia.org/resource/United_Kingdom"
"Pillows","http://dbpedia.org/resource/Pillows","Dunelm Group","http://dbpedia.org/resource/Dunelm_Group","Manufacturing","http://dbpedia.org/resource/Manufacturing","Leicestershire","http://dbpedia.org/resource/Leicestershire","8.358E8","United Kingdom","http://dbpedia.org/resource/United_Kingdom"
"Flowers","http://dbpedia.org/resource/Flowers","Dunelm Group","http://dbpedia.org/resource/Dunelm_Group","Manufacturing","http://dbpedia.org/resource/Manufacturing","Syston","http://dbpedia.org/resource/Syston","8.358E8","United Kingdom","http://dbpedia.org/resource/United_Kingdom"
"Flowers","http://dbpedia.org/resource/Flowers","Dunelm Group","http://dbpedia.org/resource/Dunelm_Group","Manufacturing","http://dbpedia.org/resource/Manufacturing","Leicestershire","http://dbpedia.org/resource/Leicestershire","8.358E8","United Kingdom","http://dbpedia.org/resource/United_Kingdom"
"Pets","http://dbpedia.org/resource/Pets","Dunelm Group","http://dbpedia.org/resource/Dunelm_Group","Manufacturing","http://dbpedia.org/resource/Manufacturing","Syston","http://dbpedia.org/resource/Syston","8.358E8","United Kingdom","http://dbpedia.org/resource/United_Kingdom"
"Pets","http://dbpedia.org/resource/Pets","Dunelm Group","http://dbpedia.org/resource/Dunelm_Group","Manufacturing","http://dbpedia.org/resource/Manufacturing","Leicestershire","http://dbpedia.org/resource/Leicestershire","8.358E8","United Kingdom","http://dbpedia.org/resource/United_Kingdom"
"Duvets","http://dbpedia.org/resource/Duvets","Dunelm Group","http://dbpedia.org/resource/Dunelm_Group","Manufacturing","http://dbpedia.org/resource/Manufacturing","Syston","http://dbpedia.org/resource/Syston","8.358E8","United Kingdom","http://dbpedia.org/resource/United_Kingdom"
"Duvets","http://dbpedia.org/resource/Duvets","Dunelm Group","http://dbpedia.org/resource/Dunelm_Group","Manufacturing","http://dbpedia.org/resource/Manufacturing","Leicestershire","http://dbpedia.org/resource/Leicestershire","8.358E8","United Kingdom","http://dbpedia.org/resource/United_Kingdom"
"Cushions","http://dbpedia.org/resource/Cushions","Dunelm Group","http://dbpedia.org/resource/Dunelm_Group","Manufacturing","http://dbpedia.org/resource/Manufacturing","Syston","http://dbpedia.org/resource/Syston","8.358E8","United Kingdom","http://dbpedia.org/resource/United_Kingdom"
"Cushions","http://dbpedia.org/resource/Cushions","Dunelm Group","http://dbpedia.org/resource/Dunelm_Group","Manufacturing","http://dbpedia.org/resource/Manufacturing","Leicestershire","http://dbpedia.org/resource/Leicestershire","8.358E8","United Kingdom","http://dbpedia.org/resource/United_Kingdom"
"Automotive industry","http://dbpedia.org/resource/Automotive_industry","Senior plc","http://dbpedia.org/resource/Senior_plc","Manufacturing","http://dbpedia.org/resource/Manufacturing","Hertfordshire","http://dbpedia.org/resource/Hertfordshire","8.495E8","United Kingdom","http://dbpedia.org/resource/United_Kingdom"
"Automotive industry","http://dbpedia.org/resource/Automotive_industry","Senior plc","http://dbpedia.org/resource/Senior_plc","Manufacturing","http://dbpedia.org/resource/Manufacturing","Rickmansworth","http://dbpedia.org/resource/Rickmansworth","8.495E8","United Kingdom","http://dbpedia.org/resource/United_Kingdom"
"Aerospace manufacturer","http://dbpedia.org/resource/Aerospace_manufacturer","Senior plc","http://dbpedia.org/resource/Senior_plc","Manufacturing","http://dbpedia.org/resource/Manufacturing","Hertfordshire","http://dbpedia.org/resource/Hertfordshire","8.495E8","United Kingdom","http://dbpedia.org/resource/United_Kingdom"
"Aerospace manufacturer","http://dbpedia.org/resource/Aerospace_manufacturer","Senior plc","http://dbpedia.org/resource/Senior_plc","Manufacturing","http://dbpedia.org/resource/Manufacturing","Rickmansworth","http://dbpedia.org/resource/Rickmansworth","8.495E8","United Kingdom","http://dbpedia.org/resource/United_Kingdom"
"Energy development","http://dbpedia.org/resource/Energy_development","Senior plc","http://dbpedia.org/resource/Senior_plc","Manufacturing","http://dbpedia.org/resource/Manufacturing","Hertfordshire","http://dbpedia.org/resource/Hertfordshire","8.495E8","United Kingdom","http://dbpedia.org/resource/United_Kingdom"
"Energy development","http://dbpedia.org/resource/Energy_development","Senior plc","http://dbpedia.org/resource/Senior_plc","Manufacturing","http://dbpedia.org/resource/Manufacturing","Rickmansworth","http://dbpedia.org/resource/Rickmansworth","8.495E8","United Kingdom","http://dbpedia.org/resource/United_Kingdom"
"Truck","http://dbpedia.org/resource/Truck","Leyland Trucks","http://dbpedia.org/resource/Leyland_Trucks","Manufacturing","http://dbpedia.org/resource/Manufacturing","Leyland, Lancashire","http://dbpedia.org/resource/Leyland,_Lancashire","8.5E8","United Kingdom","http://dbpedia.org/resource/United_Kingdom"
"Door","http://dbpedia.org/resource/Door","Assa Abloy","http://dbpedia.org/resource/Assa_Abloy","Manufacturing","http://dbpedia.org/resource/Manufacturing","Stockholm","http://dbpedia.org/resource/Stockholm","6.8099E10","Sweden","http://dbpedia.org/resource/Sweden"
"Lock (security device)","http://dbpedia.org/resource/Lock_(security_device)","Assa Abloy","http://dbpedia.org/resource/Assa_Abloy","Manufacturing","http://dbpedia.org/resource/Manufacturing","Stockholm","http://dbpedia.org/resource/Stockholm","6.8099E10","Sweden","http://dbpedia.org/resource/Sweden"
"Rolling-element bearing","http://dbpedia.org/resource/Rolling-element_bearing","SKF","http://dbpedia.org/resource/SKF","Manufacturing","http://dbpedia.org/resource/Manufacturing","Gothenburg","http://dbpedia.org/resource/Gothenburg","7.0975E10","Sweden","http://dbpedia.org/resource/Sweden"
"Grease (lubricant)","http://dbpedia.org/resource/Grease_(lubricant)","SKF","http://dbpedia.org/resource/SKF","Manufacturing","http://dbpedia.org/resource/Manufacturing","Gothenburg","http://dbpedia.org/resource/Gothenburg","7.0975E10","Sweden","http://dbpedia.org/resource/Sweden"
"Seal (mechanical)","http://dbpedia.org/resource/Seal_(mechanical)","SKF","http://dbpedia.org/resource/SKF","Manufacturing","http://dbpedia.org/resource/Manufacturing","Gothenburg","http://dbpedia.org/resource/Gothenburg","7.0975E10","Sweden","http://dbpedia.org/resource/Sweden"
"Automatic lubrication system","http://dbpedia.org/resource/Automatic_lubrication_system","SKF","http://dbpedia.org/resource/SKF","Manufacturing","http://dbpedia.org/resource/Manufacturing","Gothenburg","http://dbpedia.org/resource/Gothenburg","7.0975E10","Sweden","http://dbpedia.org/resource/Sweden"
"Condition Monitoring","http://dbpedia.org/resource/Condition_Monitoring","SKF","http://dbpedia.org/resource/SKF","Manufacturing","http://dbpedia.org/resource/Manufacturing","Gothenburg","http://dbpedia.org/resource/Gothenburg","7.0975E10","Sweden","http://dbpedia.org/resource/Sweden"
"Coating","http://dbpedia.org/resource/Coating","Oerlikon Balzers","http://dbpedia.org/resource/Oerlikon_Balzers","Manufacturing","http://dbpedia.org/resource/Manufacturing","Balzers","http://dbpedia.org/resource/Balzers","5.11E8","Liechtenstein","http://dbpedia.org/resource/Liechtenstein"
"Confectionery","http://dbpedia.org/resource/Confectionery","Nestlé","http://dbpedia.org/resource/Nestlé","Food processing","http://dbpedia.org/resource/Food_processing","Vevey","http://dbpedia.org/resource/Vevey","8.88E10","Switzerland","http://dbpedia.org/resource/Switzerland"
"Ice cream","http://dbpedia.org/resource/Ice_cream","Nestlé","http://dbpedia.org/resource/Nestlé","Food processing","http://dbpedia.org/resource/Food_processing","Vevey","http://dbpedia.org/resource/Vevey","8.88E10","Switzerland","http://dbpedia.org/resource/Switzerland"
"Pet foods","http://dbpedia.org/resource/Pet_foods","Nestlé","http://dbpedia.org/resource/Nestlé","Food processing","http://dbpedia.org/resource/Food_processing","Vevey","http://dbpedia.org/resource/Vevey","8.88E10","Switzerland","http://dbpedia.org/resource/Switzerland"
"Dairy products","http://dbpedia.org/resource/Dairy_products","Nestlé","http://dbpedia.org/resource/Nestlé","Food processing","http://dbpedia.org/resource/Food_processing","Vevey","http://dbpedia.org/resource/Vevey","8.88E10","Switzerland","http://dbpedia.org/resource/Switzerland"
"Bottled water","http://dbpedia.org/resource/Bottled_water","Nestlé","http://dbpedia.org/resource/Nestlé","Food processing","http://dbpedia.org/resource/Food_processing","Vevey","http://dbpedia.org/resource/Vevey","8.88E10","Switzerland","http://dbpedia.org/resource/Switzerland"
"Baby food","http://dbpedia.org/resource/Baby_food","Nestlé","http://dbpedia.org/resource/Nestlé","Food processing","http://dbpedia.org/resource/Food_processing","Vevey","http://dbpedia.org/resource/Vevey","8.88E10","Switzerland","http://dbpedia.org/resource/Switzerland"
"Coffee","http://dbpedia.org/resource/Coffee","Nestlé","http://dbpedia.org/resource/Nestlé","Food processing","http://dbpedia.org/resource/Food_processing","Vevey","http://dbpedia.org/resource/Vevey","8.88E10","Switzerland","http://dbpedia.org/resource/Switzerland"
"Breakfast cereals","http://dbpedia.org/resource/Breakfast_cereals","Nestlé","http://dbpedia.org/resource/Nestlé","Food processing","http://dbpedia.org/resource/Food_processing","Vevey","http://dbpedia.org/resource/Vevey","8.88E10","Switzerland","http://dbpedia.org/resource/Switzerland"
"Salmon","http://dbpedia.org/resource/Salmon","Cermaq","http://dbpedia.org/resource/Cermaq","Food processing","http://dbpedia.org/resource/Food_processing","Oslo","http://dbpedia.org/resource/Oslo","1.1634E10","Norway","http://dbpedia.org/resource/Norway"
"Trout","http://dbpedia.org/resource/Trout","Cermaq","http://dbpedia.org/resource/Cermaq","Food processing","http://dbpedia.org/resource/Food_processing","Oslo","http://dbpedia.org/resource/Oslo","1.1634E10","Norway","http://dbpedia.org/resource/Norway"
"Coho","http://dbpedia.org/resource/Coho","Cermaq","http://dbpedia.org/resource/Cermaq","Food processing","http://dbpedia.org/resource/Food_processing","Oslo","http://dbpedia.org/resource/Oslo","1.1634E10","Norway","http://dbpedia.org/resource/Norway"
"Fish feed","http://dbpedia.org/resource/Fish_feed","Cermaq","http://dbpedia.org/resource/Cermaq","Food processing","http://dbpedia.org/resource/Food_processing","Oslo","http://dbpedia.org/resource/Oslo","1.1634E10","Norway","http://dbpedia.org/resource/Norway"
"Salmon","http://dbpedia.org/resource/Salmon","Marine Harvest","http://dbpedia.org/resource/Marine_Harvest","Food processing","http://dbpedia.org/resource/Food_processing","Bergen","http://dbpedia.org/resource/Bergen","2.788E10","Norway","http://dbpedia.org/resource/Norway"
"Trout","http://dbpedia.org/resource/Trout","Marine Harvest","http://dbpedia.org/resource/Marine_Harvest","Food processing","http://dbpedia.org/resource/Food_processing","Bergen","http://dbpedia.org/resource/Bergen","2.788E10","Norway","http://dbpedia.org/resource/Norway"
"Distribution (business)","http://dbpedia.org/resource/Distribution_(business)","Marine Harvest","http://dbpedia.org/resource/Marine_Harvest","Food processing","http://dbpedia.org/resource/Food_processing","Bergen","http://dbpedia.org/resource/Bergen","2.788E10","Norway","http://dbpedia.org/resource/Norway"
"Berry","http://dbpedia.org/resource/Berry","Gartnerhallen","http://dbpedia.org/resource/Gartnerhallen","Food processing","http://dbpedia.org/resource/Food_processing","Oslo","http://dbpedia.org/resource/Oslo","9.0E8","Norway","http://dbpedia.org/resource/Norway"
"Fruit","http://dbpedia.org/resource/Fruit","Gartnerhallen","http://dbpedia.org/resource/Gartnerhallen","Food processing","http://dbpedia.org/resource/Food_processing","Oslo","http://dbpedia.org/resource/Oslo","9.0E8","Norway","http://dbpedia.org/resource/Norway"
"Potato","http://dbpedia.org/resource/Potato","Gartnerhallen","http://dbpedia.org/resource/Gartnerhallen","Food processing","http://dbpedia.org/resource/Food_processing","Oslo","http://dbpedia.org/resource/Oslo","9.0E8","Norway","http://dbpedia.org/resource/Norway"
"Vegetable","http://dbpedia.org/resource/Vegetable","Gartnerhallen","http://dbpedia.org/resource/Gartnerhallen","Food processing","http://dbpedia.org/resource/Food_processing","Oslo","http://dbpedia.org/resource/Oslo","9.0E8","Norway","http://dbpedia.org/resource/Norway"
"Buses","http://dbpedia.org/resource/Buses","Grivița (vehicle manufacturer)","http://dbpedia.org/resource/Grivița_(vehicle_manufacturer)","Bus manufacturing","http://dbpedia.org/resource/Bus_manufacturing","Chitila","http://dbpedia.org/resource/Chitila","2.4986575E7","Romania","http://dbpedia.org/resource/Romania"
