"Artist","Artist__URI","Country / Market","Country / Market__URI","Period active","Release year of first charted record","Genre","Genre__URI","Total certified units (from available markets)","Claimed sales (replaced with mean)"
"The Beatles","http://dbpedia.org/resource/The_Beatles","United Kinngdom","http://dbpedia.org/resource/United_Kingdom","1960–1970","1962","Rock","http://dbpedia.org/resource/Rock_music","Total available certified units: 278.4 million","550 million"
"The Beatles","http://dbpedia.org/resource/The_Beatles","United Kingdomm","http://dbpedia.org/resource/United_Kingdom","1960–1970","1962","Pop","http://dbpedia.org/resource/Pop_music","Total available certified units: 278.4 million","550 million"
"Elvis Presley","http://dbpedia.org/resource/Elvis_Presley","United States","http://dbpedia.org/resource/United_States","1954–1977","1954","Rock and roll","http://dbpedia.org/resource/Rock_and_roll","Total available certified units: 225.2 million","550 million"
"Elvis Presley","http://dbpedia.org/resource/Elvis_Presley","United Statess","http://dbpedia.org/resource/United_States","1954–1977","1954","Pop","http://dbpedia.org/resource/Pop_music","Total available certified units: 225.2 million","550 million"
"Elvis Presley","http://dbpedia.org/resource/Elvis_Presley","United Statess","http://dbpedia.org/resource/United_States","1954–1977","1954","Country","http://dbpedia.org/resource/Country_music","Total available certified units: 225.2 million","550 million"
"Michael Jackson","http://dbpedia.org/resource/Michael_Jackson","United Statess","http://dbpedia.org/resource/United_States","1964–2009","1971","Pop","http://dbpedia.org/resource/Pop_music","Total available certified units: 231.8 million","325 million"
"Michael Jackson","http://dbpedia.org/resource/Michael_Jackson","United Statess","http://dbpedia.org/resource/United_States","1964–2009","1971","Rock","http://dbpedia.org/resource/Rock_music","Total available certified units: 231.8 million","325 million"
"Michael Jackson","http://dbpedia.org/resource/Michael_Jackson","United Statess","http://dbpedia.org/resource/United_States","1964–2009","1971","Dance","http://dbpedia.org/resource/Dance_music","Total available certified units: 231.8 million","325 million"
"Michael Jackson","http://dbpedia.org/resource/Michael_Jackson","United Staates","http://dbpedia.org/resource/United_States","1964–2009","1971","Soul","http://dbpedia.org/resource/Soul_music","Total available certified units: 231.8 million","325 million"
"Michael Jackson","http://dbpedia.org/resource/Michael_Jackson","United Statess","http://dbpedia.org/resource/United_States","1964–2009","1971","R&B","http://dbpedia.org/resource/Rhythm_and_blues","Total available certified units: 231.8 million","325 million"
"Elton John","http://dbpedia.org/resource/Elton_John","United Kingdomm","http://dbpedia.org/resource/United_Kingdom","1964–present","1969","Pop","http://dbpedia.org/resource/Pop_music","Total available certified units: 186.3 million","275 million"
"Elton John","http://dbpedia.org/resource/Elton_John","United Kingdom","http://dbpedia.org/resource/United_Kingdom","1964–present","1969","Rock","http://dbpedia.org/resource/Rock_music","Total available certified units: 186.3 million","275 million"
"Madonna","http://dbpedia.org/resource/Madonna_(entertainer)","United States","http://dbpedia.org/resource/United_States","1979–present","1982","Pop","http://dbpedia.org/resource/Pop_music","Total available certified units: 173.6 million","287.5 million"
"Madonna","http://dbpedia.org/resource/Madonna_(entertainer)","United Statess","http://dbpedia.org/resource/United_States","1979–present","1982","Dance","http://dbpedia.org/resource/Dance_music","Total available certified units: 173.6 million","287.5 million"
"Madonna","http://dbpedia.org/resource/Madonna_(entertainer)","United Statess","http://dbpedia.org/resource/United_States","1979–present","1982","Electronica","http://dbpedia.org/resource/Electronica_music","Total available certified units: 173.6 million","287.5 million"
"Led Zeppelin","http://dbpedia.org/resource/Led_Zeppelin","Uniited Kingdom","http://dbpedia.org/resource/United_Kingdom","1968–1980","1969","Hard rock","http://dbpedia.org/resource/Hard_rock","Total available certified units: 140.2 million","250 million"
"Led Zeppelin","http://dbpedia.org/resource/Led_Zeppelin","United Kingdomm","http://dbpedia.org/resource/United_Kingdom","1968–1980","1969","Blues rock","http://dbpedia.org/resource/Blues_rock","Total available certified units: 140.2 million","250 million"
"Led Zeppelin","http://dbpedia.org/resource/Led_Zeppelin","United Kingdomm","http://dbpedia.org/resource/United_Kingdom","1968–1980","1969","Folk rock","http://dbpedia.org/resource/Folk_rock","Total available certified units: 140.2 million","250 million"
"Rihanna","http://dbpedia.org/resource/Rihanna","Barbadoss","http://dbpedia.org/resource/Barbados","2005–present","2005","R&B","http://dbpedia.org/resource/Rhythm_and_blues","Total available certified units: 272.2 million","240 million"
"Rihanna","http://dbpedia.org/resource/Rihanna","Barbados","http://dbpedia.org/resource/Barbados","2005–present","2005","Pop","http://dbpedia.org/resource/Pop_music","Total available certified units: 272.2 million","240 million"
"Rihanna","http://dbpedia.org/resource/Rihanna","Barbadoss","http://dbpedia.org/resource/Barbados","2005–present","2005","Dance","http://dbpedia.org/resource/Dance_music","Total available certified units: 272.2 million","240 million"
"Rihanna","http://dbpedia.org/resource/Rihanna","Barbados","http://dbpedia.org/resource/Barbados","2005–present","2005","Hip-hop","http://dbpedia.org/resource/Hip_hop_music","Total available certified units: 272.2 million","240 million"
"Rihanna","http://dbpedia.org/resource/Rihanna","United Statess","http://dbpedia.org/resource/United_States","2005–present","2005","R&B","http://dbpedia.org/resource/Rhythm_and_blues","Total available certified units: 272.2 million","240 million"
"Rihanna","http://dbpedia.org/resource/Rihanna","United States","http://dbpedia.org/resource/United_States","2005–present","2005","Pop","http://dbpedia.org/resource/Pop_music","Total available certified units: 272.2 million","240 million"
"Rihanna","http://dbpedia.org/resource/Rihanna","United States","http://dbpedia.org/resource/United_States","2005–present","2005","Dance","http://dbpedia.org/resource/Dance_music","Total available certified units: 272.2 million","240 million"
"Rihanna","http://dbpedia.org/resource/Rihanna","Unitedd States","http://dbpedia.org/resource/United_States","2005–present","2005","Hip-hop","http://dbpedia.org/resource/Hip_hop_music","Total available certified units: 272.2 million","240 million"
"Pink Floyd","http://dbpedia.org/resource/Pink_Floyd","United Kingdomm","http://dbpedia.org/resource/United_Kingdom","1965–1996, 2014","1967","Progressive rock","http://dbpedia.org/resource/Progressive_rock","Total available certified units: 120.9 million","225 million"
"Pink Floyd","http://dbpedia.org/resource/Pink_Floyd","UUnited Kingdom","http://dbpedia.org/resource/United_Kingdom","1965–1996, 2014","1967","Psychedelic rock","http://dbpedia.org/resource/Psychedelic_music","Total available certified units: 120.9 million","225 million"
