"Rank","Name","Name__URI","Industry","Industry__URI","Revenue (USD millions)","Profit (USD millions)","Employees","Country","Country__URI","Ref"
"1","Walmart","http://dbpedia.org/resource/Walmart","Retail","http://dbpedia.org/resource/Retail","$514,405","$6,670","2,200,000","United Statess","http://dbpedia.org/resource/United_States","[5]"
"2","Sinopec","http://dbpedia.org/resource/China_Petrochemical_Corporation","Oil and gas","http://dbpedia.org/resource/Petroleum_industry","$414,649","$5,845","619,151","China","http://dbpedia.org/resource/China","[6]"
"3","Royal Dutch Shell","http://dbpedia.org/resource/Royal_Dutch_Shell","Oil and gas","http://dbpedia.org/resource/Petroleum_industry","$396,556","$23,352","81","Netherlandss","http://dbpedia.org/resource/Netherlands","[7]"
"3","Royal Dutch Shell","http://dbpedia.org/resource/Royal_Dutch_Shell","Oil and gas","http://dbpedia.org/resource/Petroleum_industry","$396,556","$23,352","81","UUnited Kingdom","http://dbpedia.org/resource/United_Kingdom","[7]"
"4","China National Petroleum","http://dbpedia.org/resource/China_National_Petroleum_Corporation","Oil and gas","http://dbpedia.org/resource/Petroleum_industry","$392,976","$2,270","1,382,401","China","http://dbpedia.org/resource/China","[8]"
"5","State Grid","http://dbpedia.org/resource/State_Grid_Corporation_of_China","Electricity","http://dbpedia.org/resource/Electric_utility","$387,056","$8,174","917,717","Chinaa","http://dbpedia.org/resource/China","[9]"
"6","Saudi Aramco","http://dbpedia.org/resource/Saudi_Aramco","Oil and gas","http://dbpedia.org/resource/Petroleum_industry","$355,905","$110,974","76,418","Saudi Arabia","http://dbpedia.org/resource/Saudi_Arabia","[10]"
"7","BP","http://dbpedia.org/resource/BP","Oil and gas","http://dbpedia.org/resource/Petroleum_industry","$303,738","$9,383","73","Unitted Kingdom","http://dbpedia.org/resource/United_Kingdom","[11]"
"8","ExxonMobil","http://dbpedia.org/resource/ExxonMobil","Oil and gas","http://dbpedia.org/resource/Petroleum_industry","$290,212","$20,840","71","United SStates","http://dbpedia.org/resource/United_States","[12]"
"9","Volkswagen","http://dbpedia.org/resource/Volkswagen_Group","Automotive","http://dbpedia.org/resource/Automotive_industry","$278,341","$14,332","664,496","Germanyy","http://dbpedia.org/resource/Germany","[13]"
"10","Toyota","http://dbpedia.org/resource/Toyota","Automotive","http://dbpedia.org/resource/Automotive_industry","$272,612","$16,982","370,87","Japann","http://dbpedia.org/resource/Japan","[14]"
"11","Apple","http://dbpedia.org/resource/Apple_Inc.","Electronics","http://dbpedia.org/resource/Electronics_industry","$265,595","$59,531","132","Unitedd States","http://dbpedia.org/resource/United_States","[15]"
"12","Berkshire Hathaway","http://dbpedia.org/resource/Berkshire_Hathaway","Conglomerate","http://dbpedia.org/resource/Conglomerate_(company)","$247,837","$4,021","389","United  States","http://dbpedia.org/resource/United_States","[16]"
"13","Amazon","http://dbpedia.org/resource/Amazon.com","Retail","http://dbpedia.org/resource/Retail","$232,887","$10,073","647","United States","http://dbpedia.org/resource/United_States","[17]"
"14","UnitedHealth","http://dbpedia.org/resource/UnitedHealth","Healthcare","http://dbpedia.org/resource/Health_care","$226,247","$11,986","300","United States","http://dbpedia.org/resource/United_States","[18]"
"15","Samsung Electronics","http://dbpedia.org/resource/Samsung_Electronics","Electronics","http://dbpedia.org/resource/Electronics_industry","$221,579","$39,895","221,579","South Koreaa","http://dbpedia.org/resource/South_Korea","[19]"
"16","Glencore","http://dbpedia.org/resource/Glencore","Commodities","http://dbpedia.org/resource/Commodity_market","$219,754","$3,408","85,504","Switzerland","http://dbpedia.org/resource/Switzerland","[20]"
"17","McKesson","http://dbpedia.org/resource/McKesson_Corporation","Healthcare","http://dbpedia.org/resource/Health_care","$214,319","$34","70","United States","http://dbpedia.org/resource/United_States","[21]"
"18","Daimler","http://dbpedia.org/resource/Daimler_AG","Automotive","http://dbpedia.org/resource/Automotive_industry","$197,515","$8,555","298,683","Germmany","http://dbpedia.org/resource/Germany","[22]"
"19","CVS Health","http://dbpedia.org/resource/CVS_Health","Healthcare","http://dbpedia.org/resource/Health_care","$194,579","-$594","295","United Statess","http://dbpedia.org/resource/United_States","[23]"
"20","Total","http://dbpedia.org/resource/Total_S.A.","Oil and gas","http://dbpedia.org/resource/Petroleum_industry","$184,106","$11,446","104,46","France","http://dbpedia.org/resource/France","[24]"
"21","China State Construction","http://dbpedia.org/resource/China_State_Construction_Engineering","Construction","http://dbpedia.org/resource/Construction","$181,524","$3,159","302,827","Chinna","http://dbpedia.org/resource/China","[25]"
"22","Trafigura","http://dbpedia.org/resource/Trafigura","Commodities","http://dbpedia.org/resource/Commodity_market","$180,744","$849","4,316","Singapore","http://dbpedia.org/resource/Singapore","[26]"
"23","Foxconn","http://dbpedia.org/resource/Foxconn","Electronics","http://dbpedia.org/resource/Electronics_industry","$175,617","$4,281","667,68","Taiwan","http://dbpedia.org/resource/Taiwan","[27]"
"24","Exor","http://dbpedia.org/resource/Exor_(company)","Financials","http://dbpedia.org/resource/Financial_services","$175,009","$1,589","314,79","Netherlandss","http://dbpedia.org/resource/Netherlands","[28]"
"25","AT&T","http://dbpedia.org/resource/AT&T","Telecommunications","http://dbpedia.org/resource/Telecommunication","$170,756","$19,370","254","United States","http://dbpedia.org/resource/United_States","[29]"
"26","ICBC","http://dbpedia.org/resource/Industrial_and_Commercial_Bank_of_China","Financials","http://dbpedia.org/resource/Financial_services","$168,979","$45,002","449,296","China","http://dbpedia.org/resource/China","[30]"
"27","AmerisourceBergen","http://dbpedia.org/resource/AmerisourceBergen","Pharmaceuticals","http://dbpedia.org/resource/Pharmaceutical_industry","$167,939","$1,658","20,5","United States","http://dbpedia.org/resource/United_States","[31]"
"28","Chevron","http://dbpedia.org/resource/Chevron_Corporation","Oil and gas","http://dbpedia.org/resource/Petroleum_industry","$166,339","$14,824","48,6","United Statess","http://dbpedia.org/resource/United_States","[32]"
"29","Ping An Insurance","http://dbpedia.org/resource/Ping_An_Insurance","Financials","http://dbpedia.org/resource/Financial_services","$163,597","$16,237","342,55","Chinaa","http://dbpedia.org/resource/China","[33]"
"30","Ford","http://dbpedia.org/resource/Ford_Motor_Company","Automotive","http://dbpedia.org/resource/Automotive_industry","$160,338","$3,677","199","Unnited States","http://dbpedia.org/resource/United_States","[34]"
"31","China Construction Bank","http://dbpedia.org/resource/China_Construction_Bank","Financials","http://dbpedia.org/resource/Financial_services","$151,110","$38,498","366,996","Chiina","http://dbpedia.org/resource/China","[35]"
"32","General Motors","http://dbpedia.org/resource/General_Motors","Automotive","http://dbpedia.org/resource/Automotive_industry","$147,049","$8,014","173","United States","http://dbpedia.org/resource/United_States","[36]"
"33","Mitsubishi","http://dbpedia.org/resource/Mitsubishi","Conglomerate","http://dbpedia.org/resource/Conglomerate_(company)","$145,243","$5,328","79,994","Japann","http://dbpedia.org/resource/Japan","[37]"
"34","Honda","http://dbpedia.org/resource/Honda","Automotive","http://dbpedia.org/resource/Automotive_industry","$143,302","$5,504","219,772","JJapan","http://dbpedia.org/resource/Japan","[38]"
"35","Costco","http://dbpedia.org/resource/Costco","Retail","http://dbpedia.org/resource/Retail","$141,576","$3,134","194","United States","http://dbpedia.org/resource/United_States","[39]"
"36","Agricultural Bank of China","http://dbpedia.org/resource/Agricultural_Bank_of_China","Financials","http://dbpedia.org/resource/Financial_services","$139,523","$30,656","477,526","Chinna","http://dbpedia.org/resource/China","[40]"
"37","Alphabet","http://dbpedia.org/resource/Alphabet_Inc.","Internet","http://dbpedia.org/resource/Internet","$136,819","$30,736","98,771","United Statess","http://dbpedia.org/resource/United_States","[41]"
"38","Cardinal Health","http://dbpedia.org/resource/Cardinal_Health","Pharmaceuticals","http://dbpedia.org/resource/Pharmaceutical_industry","$136,809","$256","50,2","United States","http://dbpedia.org/resource/United_States","[42]"
"39","SAIC Motor","http://dbpedia.org/resource/SAIC_Motor","Automotive","http://dbpedia.org/resource/Automotive_industry","$136,392","$5,443","147,738","China","http://dbpedia.org/resource/China","[43]"
"40","Walgreens Boots Alliance","http://dbpedia.org/resource/Walgreens_Boots_Alliance","Retail","http://dbpedia.org/resource/Retail","$131,537","$5,024","299","United States","http://dbpedia.org/resource/United_States","[44]"
"41","JPMorgan Chase","http://dbpedia.org/resource/JPMorgan_Chase","Financials","http://dbpedia.org/resource/Financial_services","$131,412","$32,474","256,105","United States","http://dbpedia.org/resource/United_States","[45]"
"42","Gazprom","http://dbpedia.org/resource/Gazprom","Oil and gas","http://dbpedia.org/resource/Petroleum_industry","$131,302","$23,199","466,1","Russia","http://dbpedia.org/resource/Russia","[46]"
"43","Verizon","http://dbpedia.org/resource/Verizon_Communications","Telecommunications","http://dbpedia.org/resource/Telecommunication","$130,863","$15,528","144,5","United Statess","http://dbpedia.org/resource/United_States","[47]"
"44","Bank of China","http://dbpedia.org/resource/Bank_of_China","Financials","http://dbpedia.org/resource/Financial_services","$127,714","$27,255","310,119","Chhina","http://dbpedia.org/resource/China","[48]"
"45","Allianz","http://dbpedia.org/resource/Allianz","Financials","http://dbpedia.org/resource/Financial_services","$126,779","$8,806","142,46","GGermany","http://dbpedia.org/resource/Germany","[49]"
"46","AXA","http://dbpedia.org/resource/AXA","Financials","http://dbpedia.org/resource/Financial_services","$125,578","$2,525","104,065","Francee","http://dbpedia.org/resource/France","[50]"
"47","Kroger","http://dbpedia.org/resource/Kroger","Retail","http://dbpedia.org/resource/Retail","$121,162","$3,110","453","United Statess","http://dbpedia.org/resource/United_States","[51]"
"48","General Electric","http://dbpedia.org/resource/General_Electric","Conglomerate","http://dbpedia.org/resource/Conglomerate_(company)","$120,268","-$22,355","283","United Statess","http://dbpedia.org/resource/United_States","[52]"
"49","Fannie Mae","http://dbpedia.org/resource/Fannie_Mae","Financials","http://dbpedia.org/resource/Financial_services","$120,101","$15,959","7,4","Unitedd States","http://dbpedia.org/resource/United_States","[53]"
"50","Lukoil","http://dbpedia.org/resource/Lukoil","Oil and gas","http://dbpedia.org/resource/Petroleum_industry","$119,145","$9,863","102,5","Russiaa","http://dbpedia.org/resource/France","[54]"
