"State/Province","State/Province__URI","Lake Name","Lake Name__URI","File Size"
"Alabama","http://dbpedia.org/resource/Alabama_(state)","H Neely Henry Lake *","http://dbpedia.org/resource/Neely_Henry_Lake","1,289 KB"
"Alabama","http://dbpedia.org/resource/Alabama_(state)","Logan Martin Lake","http://dbpedia.org/resource/Logan_Martin_Lake","1,213 KB"
"Alabama","http://dbpedia.org/resource/Alabama_(state)","Weiss Lake","http://dbpedia.org/resource/Weiss_Lake","1,142 KB"
"Alberta","http://dbpedia.org/resource/Alberta","Gleniffer Lake","http://dbpedia.org/resource/Gleniffer_Lake_(Alberta)","67 KB"
"Arizona","http://dbpedia.org/resource/Arizona_(state)","Alamo Lake","http://dbpedia.org/resource/Alamo_Lake_State_Park","99 KB"
"Arizona","http://dbpedia.org/resource/Arizona_(state)","Bartlett Reservoir","http://dbpedia.org/resource/Bartlett_Lake","173 KB"
"Arizona","http://dbpedia.org/resource/Arizona_(state)","Blue Ridge Reservoir","http://dbpedia.org/resource/Blue_Ridge_Reservoir","183 KB"
"Arizona","http://dbpedia.org/resource/Arizona_(state)","Pleasant, Lake *","","430 KB"
"Arizona","http://dbpedia.org/resource/Arizona_(state)","Sunrise Lake","","125 KB"
"Arkansas","http://dbpedia.org/resource/Arkansas_(state)","Beaver Lake","http://dbpedia.org/resource/Beaver_Lake_(Arkansas)","2,158 KB"
"Arkansas","http://dbpedia.org/resource/Arkansas_(state)","Columbia, Lake *","","312 KB"
"Arkansas","http://dbpedia.org/resource/Arkansas_(state)","DeGray Lake","http://dbpedia.org/resource/DeGray_Lake","922 KB"
"Arkansas","http://dbpedia.org/resource/Arkansas_(state)","Erling, Lake *","","311 KB"
"Arkansas","http://dbpedia.org/resource/Arkansas_(state)","Greers Ferry Lake","http://dbpedia.org/resource/Greers_Ferry_Lake","1,032 KB"
"Arkansas","http://dbpedia.org/resource/Arkansas_(state)","Greeson, Lake","http://dbpedia.org/resource/Lake_Greeson","496 KB"
"Arkansas","http://dbpedia.org/resource/Arkansas_(state)","Monticello, Lake *","","388 KB"
"California","http://dbpedia.org/resource/California_(state)","Castaic Lake Also includes Pyramid Lake, CA","http://dbpedia.org/resource/Castaic_Lake","419 KB"
"California","http://dbpedia.org/resource/California_(state)","Diamond Valley Lake","http://dbpedia.org/resource/Diamond_Valley_Lake","767 KB"
"California","http://dbpedia.org/resource/California_(state)","El Capitan Lake","http://dbpedia.org/resource/El_Capitan_Reservoir","170 KB"
"California","http://dbpedia.org/resource/California_(state)","Isabella Lake","http://dbpedia.org/resource/Lake_Isabella","397 KB"
"California","http://dbpedia.org/resource/California_(state)","Lopez Lake * Also includes Santa Margarita Lake, CA","http://dbpedia.org/resource/Lopez_Lake","628 KB"
"California","http://dbpedia.org/resource/California_(state)","Loveland Reservoir *","http://dbpedia.org/resource/Loveland_Dam","276 KB"
"California","http://dbpedia.org/resource/California_(state)","Perris Reservoir","http://dbpedia.org/resource/Lake_Perris","726 KB"
"California","http://dbpedia.org/resource/California_(state)","Pyramid Lake (updated 04/18/2005) Also includes Castaic Lake, CA","http://dbpedia.org/resource/Pyramid_Lake_(Los_Angeles_County,_California)","419 KB"
"California","http://dbpedia.org/resource/California_(state)","San Vicente Reservoir *","http://dbpedia.org/resource/San_Vicente_Reservoir","371 KB"
"California","http://dbpedia.org/resource/California_(state)","Santa Margarita Lake * Also includes Lopez Lake, CA","http://dbpedia.org/resource/Santa_Margarita_Lake","628 KB"
"Colorado","http://dbpedia.org/resource/Colorado_(state)","Blue Mesa Reservoir Also includes Morrow Point Reservoir, CO","http://dbpedia.org/resource/Blue_Mesa_Reservoir","614 KB"
"Colorado","http://dbpedia.org/resource/Colorado_(state)","Dillon Reservoir *","http://dbpedia.org/resource/Dillon_Reservoir","331 KB"
"Colorado","http://dbpedia.org/resource/Colorado_(state)","McPhee Reservoir","http://dbpedia.org/resource/McPhee_Reservoir","248 KB"
"Colorado","http://dbpedia.org/resource/Colorado_(state)","Morrow Point Reservoir Also includes Blue Mesa Reservoir, CO","http://dbpedia.org/resource/Morrow_Point_Reservoir","614 KB"
"Colorado","http://dbpedia.org/resource/Colorado_(state)","Pueblo, Lake *","","240 KB"
"Colorado","http://dbpedia.org/resource/Colorado_(state)","Sanchez Reservoir *","","176 KB"
"Connecticut","http://dbpedia.org/resource/Connecticut_(state)","Lillinonah, Lake","http://dbpedia.org/resource/Lake_Lillinonah","1,284 KB"
"Florida","http://dbpedia.org/resource/Florida_(state)","Istokpoga, Lake Also includes Lake Jackson, FL, Lake June In Winter, FL, and Lake Huntley, FL","http://dbpedia.org/resource/Lake_Istokpoga","1,194 KB"
"Florida","http://dbpedia.org/resource/Florida_(state)","Lochloosa Lake Also includes most of Orange Lake, FL","http://dbpedia.org/resource/Lochloosa_Lake","644 KB"
"Florida","http://dbpedia.org/resource/Florida_(state)","Monroe, Lake","http://dbpedia.org/resource/Lake_Monroe_(Florida)","1,020 KB"
"Georgia","http://dbpedia.org/resource/Georgia_(U.S._state)","Nottely Lake *","http://dbpedia.org/resource/Lake_Nottely","535 KB"
"Georgia","http://dbpedia.org/resource/Georgia_(U.S._state)","Oconee, Lake","http://dbpedia.org/resource/Lake_Oconee","968 KB"
"Georgia","http://dbpedia.org/resource/Georgia_(U.S._state)","Sinclair, Lake","http://dbpedia.org/resource/Lake_Sinclair","991 KB"
"Georgia","http://dbpedia.org/resource/Georgia_(U.S._state)","Sydney Lanier, Lake","http://dbpedia.org/resource/Lake_Lanier","2,745 KB"
"Georgia","http://dbpedia.org/resource/Georgia_(U.S._state)","Tobesofkee, Lake *","http://dbpedia.org/resource/Lake_Tobesofkee","538 KB"
"Illinois","http://dbpedia.org/resource/Illinois_(state)","Clinton Lake","http://dbpedia.org/resource/Clinton_Lake_(Illinois)","597 KB"
"Kansas","http://dbpedia.org/resource/Kansas_(state)","Big Hill Lake * (updated 01/23/2006)","http://dbpedia.org/resource/Big_Hill_Lake","373 KB"
"Kansas","http://dbpedia.org/resource/Kansas_(state)","Coffey County Lake","","274 KB"
"Kansas","http://dbpedia.org/resource/Kansas_(state)","Pomona Lake","","335 KB"
"Kansas","http://dbpedia.org/resource/Kansas_(state)","Tuttle Creek Lake","http://dbpedia.org/resource/Tuttle_Creek_Lake","576 KB"
"Kentucky","http://dbpedia.org/resource/Kentucky_(state)","Laurel River Lake","http://dbpedia.org/resource/Laurel_River_Lake","985 KB"
"Kentucky","http://dbpedia.org/resource/Kentucky_(state)","Taylorsville Lake","http://dbpedia.org/resource/Taylorsville_Lake","499 KB"
"Louisiana","http://dbpedia.org/resource/Louisiana_(state)","Caney Creek Reservoir *","","308 KB"
"Louisiana","http://dbpedia.org/resource/Louisiana_(state)","Cotile Lake * Also includes Kincaid Reservoir, LA and Lake Rodemacher, LA","","519 KB"
"Louisiana","http://dbpedia.org/resource/Louisiana_(state)","D'Arbonne, Lake","http://dbpedia.org/resource/Lake_Dâ€™Arbonne","388 KB"
"Louisiana","http://dbpedia.org/resource/Louisiana_(state)","Kepler Creek Lake *","","292 KB"
"Louisiana","http://dbpedia.org/resource/Louisiana_(state)","Kincaid Reservoir Also includes Cotile Lake, LA and Lake Rodemacher, LA","","519 KB"
"Louisiana","http://dbpedia.org/resource/Louisiana_(state)","Rodemacher, Lake * Also includes Cotile Lake, LA and Kincaid Reservoir, LA","","519 KB"
"Massachusetts","http://dbpedia.org/resource/Massachusetts_(state)","Quabbin Reservoir","http://dbpedia.org/resource/Quabbin_Reservoir","687 KB"
"Minnesota","http://dbpedia.org/resource/Minnesota_(state)","Fourtown Lake","","216 KB"
"Minnesota","http://dbpedia.org/resource/Minnesota_(state)","Gull Lake","http://dbpedia.org/resource/Gull_Lake_(Cass_County,_Minnesota)","526 KB"
"Minnesota","http://dbpedia.org/resource/Minnesota_(state)","Moose Lake","http://dbpedia.org/resource/Moose_Lake,_Minnesota","225 KB"
"Mississippi","http://dbpedia.org/resource/Mississippi_(state)","Arkabutla Lake","http://dbpedia.org/resource/Arkabutla_Lake","380 KB"
"Mississippi","http://dbpedia.org/resource/Mississippi_(state)","Enid Lake","http://dbpedia.org/resource/Enid_Lake","532 KB"
"Mississippi","http://dbpedia.org/resource/Mississippi_(state)","Okatibbee Lake *","","544 KB"
"Missouri","http://dbpedia.org/resource/Missouri_(state)","Truman Reservoir","http://dbpedia.org/resource/Truman_Reservoir","1,322 KB"
"Montana","http://dbpedia.org/resource/Montana_(state)","Elwell, Lake","http://dbpedia.org/resource/Lake_Elwell","571 KB"
"Nebraska","http://dbpedia.org/resource/Nebraska_(state)","Harlan County Lake","http://dbpedia.org/resource/Harlan_County_Reservoir","286 KB"
"Nevada","http://dbpedia.org/resource/Nevada_(state)","Chimney Reservoir","","71 KB"
"Nevada","http://dbpedia.org/resource/Nevada_(state)","Las Vegas, Lake","http://dbpedia.org/resource/Lake_Las_Vegas","483 KB"
"New Jersey","http://dbpedia.org/resource/New_Jersey_(state)","Merrill Creek Reservoir","http://dbpedia.org/resource/Merrill_Creek_Reservoir","678 KB"
"New Mexico","http://dbpedia.org/resource/New_Mexico_(state)","Abiquiu Reservoir","http://dbpedia.org/resource/Abiquiu_Lake","298 KB"
"New York","http://dbpedia.org/resource/New_York_(state)","Onondaga Lake","http://dbpedia.org/resource/Onondaga_Lake","704 KB"
"North Carolina","http://dbpedia.org/resource/North_Carolina_(state)","Falls Lake","http://dbpedia.org/resource/Falls_Lake","1,236 KB"
"North Carolina","http://dbpedia.org/resource/North_Carolina_(state)","James, Lake * NEW","http://dbpedia.org/resource/Lake_James","873 KB"
"North Carolina","http://dbpedia.org/resource/North_Carolina_(state)","Wylie, Lake *","http://dbpedia.org/resource/Lake_Wylie","1,519 KB"
"Ohio","http://dbpedia.org/resource/Ohio_(state)","Acton Lake","","442 KB"
"Ohio","http://dbpedia.org/resource/Ohio_(state)","Alum Creek Lake Also includes Delaware Lake, OH and Hoover Reservoir, OH","http://dbpedia.org/resource/Alum_Creek_Lake","1,667 KB"
"Ohio","http://dbpedia.org/resource/Ohio_(state)","Atwood Lake Also includes Leesville Lake, OH","http://dbpedia.org/resource/Atwood_Lake","518 KB"
"Ohio","http://dbpedia.org/resource/Ohio_(state)","Barnesville Lake","","368 KB"
"Ohio","http://dbpedia.org/resource/Ohio_(state)","Belmont Lake","http://dbpedia.org/resource/Belmont_Lake_State_Park","411 KB"
"Ohio","http://dbpedia.org/resource/Ohio_(state)","Burr Oak Lake","http://dbpedia.org/resource/Burr_Oak_State_Park","389 KB"
"Ohio","http://dbpedia.org/resource/Ohio_(state)","Charles Mill Lake","http://dbpedia.org/resource/Charles_Mill_Lake","339 KB"
"Ohio","http://dbpedia.org/resource/Ohio_(state)","CJ Brown Reservoir Also includes Clark Lake, OH","","661 KB"
"Ohio","http://dbpedia.org/resource/Ohio_(state)","Clark Lake Also includes CJ Brown Reservoir, OH","","661 KB"
"Ohio","http://dbpedia.org/resource/Ohio_(state)","Deer Creek Lake","","391 KB"
"Ohio","http://dbpedia.org/resource/Ohio_(state)","Delaware Lake Also includes Alum Creek Lake, OH and Hoover Reservoir, OH","","1,667 KB"
"Ohio","http://dbpedia.org/resource/Ohio_(state)","Hoover Reservoir Also includes Alum Creek Lake, OH and Delaware Lake, OH","http://dbpedia.org/resource/Hoover_Dam_(Ohio)","1,667 KB"
"Ohio","http://dbpedia.org/resource/Ohio_(state)","Indian Lake","http://dbpedia.org/resource/Indian_Lake_(Ohio)","557 KB"
"Ohio","http://dbpedia.org/resource/Ohio_(state)","Knox Lake","","346 KB"
"Ohio","http://dbpedia.org/resource/Ohio_(state)","LaDue Reservoir Also includes Punderson Lake, OH","http://dbpedia.org/resource/LaDue_Reservoir","383 KB"
"Ohio","http://dbpedia.org/resource/Ohio_(state)","LaSuAn Lake","","293 KB"
"Ohio","http://dbpedia.org/resource/Ohio_(state)","Leesville Lake Also includes Atwood Lake, OH","http://dbpedia.org/resource/Leesville_Lake_(Ohio)","518 KB"
"Ohio","http://dbpedia.org/resource/Ohio_(state)","Paint Creek Lake Also includes Rocky Fork Lake, OH","","521 KB"
"Ohio","http://dbpedia.org/resource/Ohio_(state)","Punderson Lake Also includes LaDue Reservoir, OH","","383 KB"
"Ohio","http://dbpedia.org/resource/Ohio_(state)","Rocky Fork Lake Also includes Paint Creek Lake, OH","","522 KB"
"Ohio","http://dbpedia.org/resource/Ohio_(state)","Ross Lake","","460 KB"
"Ohio","http://dbpedia.org/resource/Ohio_(state)","Snowden, Lake","http://dbpedia.org/resource/Lake_Snowden","558 KB"
"Ohio","http://dbpedia.org/resource/Ohio_(state)","Stonelick Lake","http://dbpedia.org/resource/Stonelick_State_Park","373 KB"
"Ohio","http://dbpedia.org/resource/Ohio_(state)","Michael J Kirwan Reservoir","","741 KB"
"Ohio","http://dbpedia.org/resource/Ohio_(state)","Mosquito Creek Lake","","668 KB"
"Oklahoma","http://dbpedia.org/resource/Oklahoma_(state)","Altus Lugert Lake","http://dbpedia.org/resource/Lake_Altus-Lugert","333 KB"
"Oklahoma","http://dbpedia.org/resource/Oklahoma_(state)","Arbuckle Reservoir","http://dbpedia.org/resource/Lake_of_the_Arbuckles","581 KB"
"Oklahoma","http://dbpedia.org/resource/Oklahoma_(state)","Arcadia Lake","http://dbpedia.org/resource/Arcadia_Lake_(Oklahoma)","628 KB"
"Oklahoma","http://dbpedia.org/resource/Oklahoma_(state)","Atoka Reservoir * Also includes McGee Creek Reservoir, OK","http://dbpedia.org/resource/Lake_Atoka_Reservoir","504 KB"
"Oklahoma","http://dbpedia.org/resource/Oklahoma_(state)","Birch Lake","http://dbpedia.org/resource/Birch_Lake_(Oklahoma)","272 KB"
"Oklahoma","http://dbpedia.org/resource/Oklahoma_(state)","Broken Bow Lake","http://dbpedia.org/resource/Broken_Bow_Lake","477 KB"
"Oklahoma","http://dbpedia.org/resource/Oklahoma_(state)","Canton Lake","http://dbpedia.org/resource/Canton_Lake","276 KB"
"Oklahoma","http://dbpedia.org/resource/Oklahoma_(state)","Copan Lake","","365 KB"
"Oklahoma","http://dbpedia.org/resource/Oklahoma_(state)","Dripping Springs Lake","","260 KB"
"Oklahoma","http://dbpedia.org/resource/Oklahoma_(state)","Eucha, Lake","http://dbpedia.org/resource/Lake_Eucha","261 KB"
"Oklahoma","http://dbpedia.org/resource/Oklahoma_(state)","Eufaula Lake","http://dbpedia.org/resource/Eufaula_Lake","1,744 KB"
"Oklahoma","http://dbpedia.org/resource/Oklahoma_(state)","Fort Cobb Reservoir","http://dbpedia.org/resource/Fort_Cobb_Reservoir","322 KB"
"Oklahoma","http://dbpedia.org/resource/Oklahoma_(state)","Foss Lake","http://dbpedia.org/resource/Foss_Reservoir","445 KB"
"Oklahoma","http://dbpedia.org/resource/Oklahoma_(state)","Frederick Lake","http://dbpedia.org/resource/William_Frederick_Lake_Price","191 KB"
"Oklahoma","http://dbpedia.org/resource/Oklahoma_(state)","Hefner, Lake","http://dbpedia.org/resource/Lake_Hefner","493 KB"
"Oklahoma","http://dbpedia.org/resource/Oklahoma_(state)","Hulah Lake","http://dbpedia.org/resource/Hulah_Lake_(Oklahoma)","287 KB"
"Oklahoma","http://dbpedia.org/resource/Oklahoma_(state)","Hugo Lake","http://dbpedia.org/resource/Hugo_Lake","600 KB"
"Oklahoma","http://dbpedia.org/resource/Oklahoma_(state)","Kaw lake","http://dbpedia.org/resource/Kaw_Lake","639 KB"
"Oklahoma","http://dbpedia.org/resource/Oklahoma_(state)","Kerr Reservoir","http://dbpedia.org/resource/Robert_S._Kerr_Reservoir","1,324 KB"
"Oklahoma","http://dbpedia.org/resource/Oklahoma_(state)","Keystone Lake *","http://dbpedia.org/resource/Keystone_Lake","1,491 KB"
"Oklahoma","http://dbpedia.org/resource/Oklahoma_(state)","Konawa Reservoir","http://dbpedia.org/resource/Konawa_Reservoir","263 KB"
"Oklahoma","http://dbpedia.org/resource/Oklahoma_(state)","McGee Creek Reservoir (updated 06/08/2005) Also includes Atoka Reservoir, OK","http://dbpedia.org/resource/McGee_Creek_Reservoir","504 KB"
"Oklahoma","http://dbpedia.org/resource/Oklahoma_(state)","Oologah Lake * (updated 08/16/2004)","http://dbpedia.org/resource/Oologah_Lake","974 KB"
"Oklahoma","http://dbpedia.org/resource/Oklahoma_(state)","Overholser, Lake","http://dbpedia.org/resource/Lake_Overholser","571 KB"
"Oklahoma","http://dbpedia.org/resource/Oklahoma_(state)","Pine Creek Lake","http://dbpedia.org/resource/Pine_Creek_Lake","351 KB"
"Oklahoma","http://dbpedia.org/resource/Oklahoma_(state)","RC Longmire, Lake","","252 KB"
"Oklahoma","http://dbpedia.org/resource/Oklahoma_(state)","Sardis Lake","http://dbpedia.org/resource/Sardis_Lake_(Oklahoma)","428 KB"
"Oklahoma","http://dbpedia.org/resource/Oklahoma_(state)","Skiatook Lake * (updated 08/16/2004)","http://dbpedia.org/resource/Skiatook_Lake","788 KB"
"Oklahoma","http://dbpedia.org/resource/Oklahoma_(state)","Sooner Lake","http://dbpedia.org/resource/Sooner_Lake","305 KB"
"Oklahoma","http://dbpedia.org/resource/Oklahoma_(state)","Spavinaw Lake","http://dbpedia.org/resource/Spavinaw_Water_Project","251 KB"
"Oklahoma","http://dbpedia.org/resource/Oklahoma_(state)","Stanley Draper Lake","http://dbpedia.org/resource/Lake_Stanley_Draper","1,513 KB"
"Oklahoma","http://dbpedia.org/resource/Oklahoma_(state)","Tenkiller Lake","http://dbpedia.org/resource/Tenkiller_Ferry_Lake","627 KB"
"Oklahoma","http://dbpedia.org/resource/Oklahoma_(state)","Thunderbird, Lake","http://dbpedia.org/resource/Lake_Thunderbird","457 KB"
"Oklahoma","http://dbpedia.org/resource/Oklahoma_(state)","Tom Steed Reservoir","http://dbpedia.org/resource/Tom_Steed_Reservoir","254 KB"
"Oklahoma","http://dbpedia.org/resource/Oklahoma_(state)","Webbers Falls Reservoir","http://dbpedia.org/resource/Webbers_Falls_Lake","1,008 KB"
"Oklahoma","http://dbpedia.org/resource/Oklahoma_(state)","Wes Watkins Reservoir","http://dbpedia.org/resource/Wes_Watkins_Reservoir","468 KB"
"Oregon","http://dbpedia.org/resource/Oregon_(state)","Simtustus, Lake * Also includes Lake Billy Chinook, OR","","670 KB"
"Oregon","http://dbpedia.org/resource/Oregon_(state)","Wickiup Reservoir","http://dbpedia.org/resource/Wickiup_Reservoir","352 KB"
"Pennsylvania","http://dbpedia.org/resource/Pennsylvania_(state)","Pittsburgh Rivers Shows navigation chart info for the Allegheny, Ohio, and Monongahela Rivers in the Pittsburgh area","","4,559 KB"
"South Carolina","http://dbpedia.org/resource/South_Carolina_(state)","Keowee, Lake","http://dbpedia.org/resource/Lake_Keowee","1,504 KB"
"South Carolina","http://dbpedia.org/resource/South_Carolina_(state)","Wylie, Lake *","http://dbpedia.org/resource/Lake_Wylie","1,519 KB"
"South Dakota","http://dbpedia.org/resource/South_Dakota_(state)","Big Stone Lake","http://dbpedia.org/resource/Big_Stone_Lake","323 KB"
"Tennessee","http://dbpedia.org/resource/Tennessee_(state)","Fort Loudoun Lake (updated 06/07/2004)","http://dbpedia.org/resource/Fort_Loudoun_Lake","2,313 KB"
"Tennessee","http://dbpedia.org/resource/Tennessee_(state)","J Percy Priest Reservoir (updated 06/07/2004)","http://dbpedia.org/resource/Percy_Priest_Lake","1,499 KB"
"Texas","http://dbpedia.org/resource/Texas_(state)","Alan Henry Reservoir *","http://dbpedia.org/resource/Lake_Alan_Henry","224 KB"
"Texas","http://dbpedia.org/resource/Texas_(state)","Alvarado Park Lake","http://dbpedia.org/resource/Alvarado_Park_Lake","311 KB"
"Texas","http://dbpedia.org/resource/Texas_(state)","Amistad, Lake *","http://dbpedia.org/resource/Amistad_Reservoir","1,619 KB"
"Texas","http://dbpedia.org/resource/Texas_(state)","Arrowhead, Lake","http://dbpedia.org/resource/Lake_Arrowhead_Reservoir","481 KB"
"Texas","http://dbpedia.org/resource/Texas_(state)","Bastrop, Lake *","http://dbpedia.org/resource/Lake_Bastrop","309 KB"
"Texas","http://dbpedia.org/resource/Texas_(state)","Baylor Creek Reservoir *","","240 KB"
"Texas","http://dbpedia.org/resource/Texas_(state)","Belton Lake Also includes Stillhouse Hollow Lake, TX","http://dbpedia.org/resource/Belton_Lake","1,403 KB"
"Texas","http://dbpedia.org/resource/Texas_(state)","Brady Creek Reservoir *","http://dbpedia.org/resource/Brady_Creek_Reservoir","285 KB"
"Texas","http://dbpedia.org/resource/Texas_(state)","Brandy Branch Reservoir *","","256 KB"
"Texas","http://dbpedia.org/resource/Texas_(state)","Bridgeport, Lake","http://dbpedia.org/resource/Lake_Bridgeport_(Texas)","565 KB"
"Texas","http://dbpedia.org/resource/Texas_(state)","Buffalo Creek Reservoir *","http://dbpedia.org/resource/Buffalo_Creek_Reservoir","228 KB"
"Texas","http://dbpedia.org/resource/Texas_(state)","Casa Blanca, Lake *","http://dbpedia.org/resource/Lake_Casa_Blanca","421 KB"
"Texas","http://dbpedia.org/resource/Texas_(state)","Cedar Creek Reservoir *","http://dbpedia.org/resource/Cedar_Creek_Reservoir_(Texas)","941 KB"
"Texas","http://dbpedia.org/resource/Texas_(state)","Cherokee, Lake","http://dbpedia.org/resource/Cherokee_Lake","408 KB"
"Texas","http://dbpedia.org/resource/Texas_(state)","Clyde, Lake","http://dbpedia.org/resource/H._B._C._Lake","239 KB"
"Texas","http://dbpedia.org/resource/Texas_(state)","Coleman, Lake","","184 KB"
"Texas","http://dbpedia.org/resource/Texas_(state)","Cooper Lake","http://dbpedia.org/resource/Jim_Chapman_Lake","363 KB"
"Texas","http://dbpedia.org/resource/Texas_(state)","Corpus Christi, Lake","http://dbpedia.org/resource/Lake_Corpus_Christi","684 KB"
"Texas","http://dbpedia.org/resource/Texas_(state)","E V Spence, Lake *","http://dbpedia.org/resource/E.V._Spence_Reservoir","363 KB"
"Texas","http://dbpedia.org/resource/Texas_(state)","Eagle Mountain Lake","http://dbpedia.org/resource/Eagle_Mountain_Lake","525 KB"
"Texas","http://dbpedia.org/resource/Texas_(state)","Georgetown, Lake","http://dbpedia.org/resource/Lake_Georgetown","412 KB"
"Texas","http://dbpedia.org/resource/Texas_(state)","Gibbons Creek Reservoir","http://dbpedia.org/resource/Gibbons_Creek_Reservoir","347 KB"
"Texas","http://dbpedia.org/resource/Texas_(state)","Gladewater, Lake","","519 KB"
"Texas","http://dbpedia.org/resource/Texas_(state)","Granbury, Lake *","http://dbpedia.org/resource/Lake_Granbury","667 KB"
"Texas","http://dbpedia.org/resource/Texas_(state)","Greenbelt Reservoir","","248 KB"
"Texas","http://dbpedia.org/resource/Texas_(state)","Hawkins, Lake *","","282 KB"
"Texas","http://dbpedia.org/resource/Texas_(state)","Holbrook, Lake * Also includes Lake Fork Reservoir, TX and Lake Quitman, TX","http://dbpedia.org/resource/Lake_Holbrook_(Texas)","981 KB"
"Texas","http://dbpedia.org/resource/Texas_(state)","Jacksonville, Lake *","","385 KB"
"Texas","http://dbpedia.org/resource/Texas_(state)","Kickapoo, Lake","http://dbpedia.org/resource/Lake_Kickapoo","254 KB"
"Texas","http://dbpedia.org/resource/Texas_(state)","Lake Fork Reservoir * (updated 05/02/2005) Also includes Lake Holbrook, TX and Lake Quitman, TX","http://dbpedia.org/resource/Lake_Fork_Reservoir","981 KB"
"Texas","http://dbpedia.org/resource/Texas_(state)","Limestone, Lake","http://dbpedia.org/resource/Lake_Limestone","382 KB"
"Texas","http://dbpedia.org/resource/Texas_(state)","Lost Creek Lake *","http://dbpedia.org/resource/Lost_Creek_Lake","258 KB"
"Texas","http://dbpedia.org/resource/Texas_(state)","Lyndon B Johnson, Lake *","http://dbpedia.org/resource/Lake_Lyndon_B._Johnson","715 KB"
"Texas","http://dbpedia.org/resource/Texas_(state)","MacKenzie Reservoir *","","169 KB"
"Texas","http://dbpedia.org/resource/Texas_(state)","McQueeney, Lake *","http://dbpedia.org/resource/Lake_McQueeney","428 KB"
"Texas","http://dbpedia.org/resource/Texas_(state)","Mexia, Lake","","260 KB"
"Texas","http://dbpedia.org/resource/Texas_(state)","Millers Creek Reservoir *","","186 KB"
"Texas","http://dbpedia.org/resource/Texas_(state)","Nacogdoches, Lake","","260 KB"
"Texas","http://dbpedia.org/resource/Texas_(state)","Nasworthy, Lake * Also includes Twin Buttes Reservoir, TX","http://dbpedia.org/resource/Lake_Nasworthy","571 KB"
"Texas","http://dbpedia.org/resource/Texas_(state)","Navarro Mills Lake","","398 KB"
"Texas","http://dbpedia.org/resource/Texas_(state)","Nocona, Lake","http://dbpedia.org/resource/Lake_Nocona,_Texas","274 KB"
"Texas","http://dbpedia.org/resource/Texas_(state)","O' the Pines, Lake (updated on 06/07/2004)","http://dbpedia.org/resource/Lake_O'_the_Pines","858 KB"
"Texas","http://dbpedia.org/resource/Texas_(state)","Pinkston, Lake *","","181 KB"
"Texas","http://dbpedia.org/resource/Texas_(state)","Quitman, Lake * Also includes Lake Fork Reservoir, TX and Lake Holbrook, TX","","981 KB"
"Texas","http://dbpedia.org/resource/Texas_(state)","Palo Pinto Lake *","","208 KB"
"Texas","http://dbpedia.org/resource/Texas_(state)","Pat Mayse Lake","http://dbpedia.org/resource/Pat_Mayse_Lake","272 KB"
"Texas","http://dbpedia.org/resource/Texas_(state)","Red Bluff Reservoir *","http://dbpedia.org/resource/Red_Bluff_Reservoir","177 KB"
"Texas","http://dbpedia.org/resource/Texas_(state)","Richland Chambers Reservoir","http://dbpedia.org/resource/Richland-Chambers_Reservoir","817 KB"
"Texas","http://dbpedia.org/resource/Texas_(state)","Sheldon Reservoir *","http://dbpedia.org/resource/Sheldon_Reservoir","1,221 KB"
"Texas","http://dbpedia.org/resource/Texas_(state)","Somerville Lake","http://dbpedia.org/resource/Somerville_Lake","421 KB"
"Texas","http://dbpedia.org/resource/Texas_(state)","Stillhouse Hollow Lake Also includes Belton Lake, TX","http://dbpedia.org/resource/Stillhouse_Hollow_Lake","1,403 KB"
"Texas","http://dbpedia.org/resource/Texas_(state)","Texana, Lake","http://dbpedia.org/resource/Lake_Texana","579 KB"
"Texas","http://dbpedia.org/resource/Texas_(state)","Tradinghouse Creek Reservoir","","478 KB"
"Texas","http://dbpedia.org/resource/Texas_(state)","Twin Buttes Reservoir Also includes Lake Nasworthy, TX","http://dbpedia.org/resource/Twin_Buttes_Reservoir","571 KB"
"Texas","http://dbpedia.org/resource/Texas_(state)","Tyler, Lake","http://dbpedia.org/resource/Le_Sueur_County,_Minnesota","620 KB"
"Texas","http://dbpedia.org/resource/Texas_(state)","Waco Lake","http://dbpedia.org/resource/Lake_Waco","663 KB"
"Texas","http://dbpedia.org/resource/Texas_(state)","Weatherford, Lake","","355 KB"
"Texas","http://dbpedia.org/resource/Texas_(state)","Welsh, Lake","","268 KB"
"Texas","http://dbpedia.org/resource/Texas_(state)","White River Reservoir","http://dbpedia.org/resource/White_River_(Texas)","105 KB"
"Texas","http://dbpedia.org/resource/Texas_(state)","Wright Patman Lake","http://dbpedia.org/resource/Wright_Patman_Lake","647 KB"
"Utah","http://dbpedia.org/resource/Utah_(state)","Jordanelle Reservoir","http://dbpedia.org/resource/Jordanelle_Reservoir","578 KB"
"Utah","http://dbpedia.org/resource/Utah_(state)","Flaming Gorge Reservoir","http://dbpedia.org/resource/Flaming_Gorge_Reservoir","691 KB"
"Wyoming","http://dbpedia.org/resource/Wyoming_(state)","Flaming Gorge Reservoir","http://dbpedia.org/resource/Flaming_Gorge_Reservoir","691 KB"
"Virginia","http://dbpedia.org/resource/Virginia_(state)","Anna, Lake","http://dbpedia.org/resource/Lake_Anna","1,110 KB"
"Virginia","http://dbpedia.org/resource/Virginia_(state)","Philpott Lake","http://dbpedia.org/resource/Philpott_Lake","650 KB"
"West Virginia","http://dbpedia.org/resource/West_Virginia_(state)","Beech Fork Lake Also includes East Lynn Lake, WV","http://dbpedia.org/resource/Beech_Fork_Lake","688 KB"
"West Virginia","http://dbpedia.org/resource/West_Virginia_(state)","East Lynn Lake Also includes Beech Fork Lake, WV","http://dbpedia.org/resource/East_Lynn_Lake","688 KB"
"West Virginia","http://dbpedia.org/resource/West_Virginia_(state)","RD Bailey Lake","http://dbpedia.org/resource/R._D._Bailey_Lake","340 KB"
"Wisconsin","http://dbpedia.org/resource/Wisconsin_(state)","Mendota, Lake","http://dbpedia.org/resource/Lake_Mendota","451 KB"
"Wyoming","http://dbpedia.org/resource/Wyoming_(state)","Glendo Reservoir *","http://dbpedia.org/resource/Glendo_Reservoir","293 KB"
"Wyoming","http://dbpedia.org/resource/Wyoming_(state)","Jackson Lake","http://dbpedia.org/resource/Jackson_Lake","2,088 KB"
